,EXP_A,EXP_B,EXP_C
Unnamed: 1,709.0,753.0,751.0
GFP,1120.0,1142.0,1105.0
INTR_alaXW,69.0,75.0,55.0
LELOBEKK,36.0,27.0,29.0
LELOBEKK_appX,5.0,2.0,3.0
LELOBEKK_araC,0.0,1.0,1.0
LELOBEKK_atl,0.0,0.0,0.0
LELOBEKK_ccdA,0.0,0.0,0.0
LELOBEKK_fdoG,0.0,0.0,0.0
LELOBEKK_finO,1.0,2.0,3.0
LELOBEKK_flmC,1.0,3.0,1.0
LELOBEKK_galK,0.0,0.0,0.0
LELOBEKK_galT,0.0,0.0,0.0
LELOBEKK_gap,1.0,2.0,1.0
LELOBEKK_gpt,0.0,0.0,0.0
LELOBEKK_lacA,0.0,0.0,0.0
LELOBEKK_lacI,0.0,0.0,0.0
LELOBEKK_lacY,0.0,0.0,0.0
LELOBEKK_lacZ,2.0,1.0,0.0
LELOBEKK_lexA,0.0,0.0,0.0
LELOBEKK_malE,0.0,1.0,3.0
LELOBEKK_mpaA,2.0,0.0,3.0
LELOBEKK_pheS,0.0,0.0,0.0
LELOBEKK_psiB,0.0,0.0,0.0
LELOBEKK_rpsL,0.0,0.0,0.0
LELOBEKK_sgrT,0.0,0.0,1.0
LELOBEKK_tisB,5.0,0.0,1.0
LELOBEKK_traJ,0.0,1.0,1.0
LELOBEKK_traQ,0.0,2.0,1.0
LELOBEKK_traY,1.0,2.0,0.0
LELOBEKK_trpA,0.0,1.0,1.0
LELOBEKK_trxA,0.0,0.0,0.0
LELOBEKK_uidA,0.0,0.0,0.0
LELOBEKK_yedR,0.0,0.0,0.0
LELOBEKK_ylpA,0.0,0.0,0.0
LELOBEKK_yneM,0.0,1.0,0.0
LELOBEKK_ynhF,1.0,2.0,2.0
LELOBEKK_yshB,2.0,1.0,1.0
LELOBEKKtfaE,1.0,1.0,1.0
LacI,37848.0,37909.0,38708.0
MS2_fwd,9.0,8.0,4.0
YFP,7.0,8.0,3.0
aaeA,10.0,8.0,5.0
aaeB,3.0,3.0,10.0
aaeR,3.0,5.0,2.0
aaeX,1.0,0.0,0.0
aas,7.0,1.0,4.0
aat,1.0,0.0,1.0
abgB,2.0,3.0,5.0
abgR,3.0,7.0,18.0
abgT,2.0,2.0,0.0
abrB,0.0,0.0,1.0
accA,120.0,111.0,109.0
accB,135.0,126.0,114.0
accC,46.0,46.0,40.0
accD,8.0,8.0,12.0
aceA,867.0,940.0,886.0
aceB,378.0,342.0,324.0
aceE,80.0,79.0,84.0
aceF,144.0,131.0,124.0
aceK,23.0,16.0,21.0
ackA,22.0,21.0,27.0
acnA,13.0,16.0,27.0
acnB,59.0,74.0,51.0
acpP,443.0,423.0,465.0
acpS,0.0,3.0,0.0
acpT,0.0,0.0,0.0
acrA,6.0,2.0,5.0
acrB,8.0,8.0,8.0
acrD,0.0,0.0,1.0
acrE,0.0,0.0,0.0
acrF,3.0,3.0,1.0
acrR,15.0,19.0,15.0
acs,80.0,78.0,84.0
actP,11.0,23.0,24.0
add,1.0,2.0,1.0
ade,1.0,2.0,2.0
adhE,64.0,51.0,44.0
adhP,6.0,14.0,13.0
adiA,0.0,1.0,6.0
adiC,0.0,0.0,0.0
adiY,1.0,2.0,0.0
adk,3.0,3.0,2.0
aegA,2.0,7.0,3.0
aer,2.0,2.0,0.0
aes,1.0,0.0,2.0
afuB,0.0,1.0,0.0
afuC,5.0,2.0,2.0
agaB,2.0,3.0,0.0
agaC,0.0,0.0,0.0
agaD,1.0,0.0,1.0
agaI,1.0,2.0,0.0
agaR,0.0,0.0,1.0
agaS,0.0,0.0,0.0
agaV,0.0,0.0,0.0
agaW,1.0,0.0,0.0
agp,22.0,32.0,28.0
ahpC,343.0,307.0,359.0
ahpF,5.0,4.0,10.0
aidB,0.0,2.0,0.0
ais,1.0,5.0,1.0
alaS,69.0,62.0,79.0
alaw,7546.0,7577.0,8442.0
aldA,635.0,579.0,638.0
aldB,0.0,1.0,3.0
alkB,2.0,2.0,1.0
allA,0.0,2.0,1.0
allB,3.0,2.0,4.0
allC,9.0,9.0,0.0
allD,1.0,0.0,1.0
allR,16.0,21.0,14.0
alr,0.0,5.0,4.0
alsA,1.0,1.0,2.0
alsB,4.0,8.0,3.0
alsC,2.0,1.0,0.0
alsE,0.0,0.0,1.0
alsK,0.0,3.0,1.0
alx,0.0,1.0,0.0
amiA,27.0,25.0,21.0
amiB,19.0,14.0,28.0
amiC,1.0,0.0,0.0
amn,3.0,8.0,5.0
ampC,2.0,4.0,0.0
ampD,0.0,0.0,1.0
ampE,9.0,6.0,9.0
ampG,11.0,6.0,15.0
ampH,2.0,4.0,2.0
ampR,5652.0,5666.0,5846.0
amyA,50.0,49.0,63.0
anmK,1.0,0.0,2.0
ansA,10.0,9.0,18.0
ansB,0.0,3.0,2.0
ansP,0.0,0.0,0.0
apaG,5.0,4.0,7.0
apaH,2.0,5.0,4.0
aphA,149.0,148.0,149.0
appA,4.0,3.0,8.0
appB,1.0,2.0,1.0
appC,2.0,0.0,0.0
appY,0.0,0.0,0.0
apt,0.0,2.0,1.0
aqpZ,0.0,0.0,0.0
araA,0.0,0.0,0.0
araB,0.0,0.0,0.0
araD,0.0,0.0,1.0
araE,0.0,0.0,0.0
araF,21.0,16.0,22.0
araG,9.0,7.0,7.0
araH,0.0,1.0,3.0
araJ,0.0,1.0,1.0
arcA,43.0,50.0,39.0
arcB,10.0,7.0,18.0
argA,3.0,0.0,5.0
argB,0.0,0.0,1.0
argC,6.0,1.0,1.0
argD,15.0,21.0,16.0
argE,3.0,5.0,1.0
argF,0.0,0.0,1.0
argG,11.0,9.0,16.0
argH,4.0,2.0,6.0
argI,0.0,5.0,1.0
argK,0.0,0.0,1.0
argO,1.0,0.0,1.0
argP,0.0,0.0,0.0
argR,19.0,18.0,14.0
argS,9.0,7.0,18.0
argT,17.0,10.0,9.0
arnA,2.0,6.0,3.0
arnB,2.0,0.0,4.0
arnC,2.0,0.0,1.0
arnT,4.0,0.0,11.0
aroA,14.0,15.0,8.0
aroB,12.0,8.0,7.0
aroC,0.0,0.0,1.0
aroD,6.0,3.0,6.0
aroE,5.0,7.0,13.0
aroF,6.0,7.0,9.0
aroG,19.0,11.0,14.0
aroH,30.0,21.0,27.0
aroK,53.0,54.0,45.0
aroL,0.0,0.0,0.0
aroM,15.0,13.0,12.0
aroP,16.0,15.0,27.0
arpA,1.0,0.0,1.0
arpB,1.0,2.0,10.0
arsB,1.0,1.0,1.0
arsC,0.0,0.0,0.0
arsR,0.0,1.0,0.0
artI,51.0,47.0,51.0
artJ,1.0,9.0,3.0
artM,8.0,10.0,3.0
artP,2.0,0.0,0.0
artQ,7.0,8.0,10.0
ascB,4.0,5.0,0.0
ascF,0.0,0.0,0.0
ascG,8.0,3.0,2.0
asd,18.0,41.0,24.0
aslA,0.0,1.0,0.0
aslB,3.0,4.0,2.0
asmA,10.0,14.0,14.0
asnA,9.0,10.0,9.0
asnB,15.0,8.0,16.0
asnC,0.0,0.0,0.0
asnS,5.0,4.0,3.0
aspA,318.0,301.0,346.0
aspC,112.0,103.0,108.0
aspS,29.0,30.0,34.0
aspv,18055.0,18433.0,19169.0
asr,0.0,0.0,1.0
astA,0.0,0.0,0.0
astB,14.0,12.0,0.0
astC,3.0,6.0,3.0
astD,3.0,1.0,2.0
astE,2.0,2.0,0.0
atoA,0.0,0.0,0.0
atoB,0.0,3.0,0.0
atoC,7.0,5.0,3.0
atoE,1.0,1.0,1.0
atoS,4.0,5.0,3.0
atpA,421.0,420.0,486.0
atpB,7.0,2.0,2.0
atpC,3.0,1.0,0.0
atpD,36.0,39.0,30.0
atpE,36.0,25.0,28.0
atpF,1.0,0.0,0.0
atpG,62.0,73.0,77.0
atpH,275.0,264.0,275.0
atpI,0.0,0.0,0.0
avtA,18.0,9.0,10.0
azoR,2.0,5.0,4.0
baeR,0.0,0.0,0.0
baeS,5.0,5.0,6.0
barA,20.0,14.0,17.0
basR,13.0,1.0,15.0
basS,2.0,3.0,0.0
bax,136.0,120.0,107.0
bcp,20.0,15.0,21.0
bcr,5.0,1.0,0.0
bcsB,1.0,2.0,0.0
bcsC,0.0,1.0,0.0
bcsE,4.0,10.0,2.0
bcsF,0.0,1.0,0.0
bcsG,9.0,9.0,4.0
bcsZ,0.0,2.0,0.0
bdm,6.0,2.0,3.0
betA,1.0,0.0,0.0
betT,8.0,3.0,4.0
bfd,0.0,0.0,0.0
bfr,9.0,17.0,7.0
bglA,18.0,42.0,33.0
bglB,0.0,2.0,0.0
bglF,3.0,2.0,3.0
bglG,5.0,2.0,7.0
bglH,3.0,2.0,6.0
bglJ,5.0,0.0,4.0
bglX,6.0,13.0,9.0
bioA,3.0,3.0,1.0
bioB,1.0,3.0,0.0
bioC,3.0,4.0,2.0
bioD,16.0,18.0,9.0
bioF,0.0,2.0,2.0
bioH,0.0,2.0,3.0
bipA,96.0,78.0,84.0
birA,10.0,20.0,15.0
bisC,1.0,6.0,1.0
blc,0.0,0.0,0.0
blr,4.0,3.0,0.0
bolA,12.0,11.0,14.0
brnQ,0.0,0.0,0.0
bssR,2.0,1.0,0.0
bssS,0.0,0.0,4.0
btuB,45.0,23.0,33.0
btuC,1.0,0.0,0.0
btuD,2.0,2.0,1.0
btuE,0.0,4.0,2.0
btuF,0.0,1.0,3.0
btuR,15.0,11.0,17.0
cadA,1.0,0.0,0.0
cadB,2.0,0.0,0.0
cadC,1.0,0.0,2.0
caiA,1.0,0.0,0.0
caiB,2.0,0.0,2.0
caiC,6.0,6.0,1.0
caiD,1.0,0.0,1.0
caiE,1.0,3.0,1.0
caiF,11.0,18.0,10.0
caiT,2.0,4.0,1.0
camR,9.0,3.0,9.0
can,2.0,12.0,8.0
carA,20.0,13.0,13.0
carB,26.0,19.0,21.0
cbl,3.0,6.0,5.0
cbpA,3.0,0.0,2.0
cbpM,1.0,3.0,1.0
cbrA,0.0,0.0,1.0
cbrC,3.0,5.0,11.0
cca,9.0,2.0,3.0
cchB,2.0,1.0,0.0
ccmA,0.0,0.0,2.0
ccmE,0.0,0.0,0.0
ccmF,0.0,0.0,0.0
ccmG,5.0,2.0,2.0
ccmH,1.0,0.0,0.0
cdaR,0.0,2.0,3.0
cdd,79.0,69.0,88.0
cdh,16.0,13.0,13.0
cdsA,9.0,12.0,15.0
cedA,0.0,0.0,0.0
cfa,9.0,13.0,12.0
chaA,2.0,5.0,2.0
chaB,0.0,0.0,0.0
chaC,2.0,0.0,2.0
chbA,1.0,0.0,1.0
chbB,0.0,0.0,0.0
chbC,8.0,16.0,11.0
chbF,3.0,5.0,2.0
chbG,2.0,1.0,4.0
chbR,10.0,0.0,0.0
cheA,304.0,316.0,338.0
cheB,68.0,59.0,55.0
cheR,0.0,0.0,1.0
cheW,157.0,159.0,153.0
cheY,2.0,2.0,1.0
cheZ,81.0,75.0,75.0
chiA,4.0,7.0,2.0
cho,4.0,6.0,4.0
chpA,2.0,1.0,1.0
chpR,8.0,14.0,18.0
cirA,43.0,44.0,55.0
citA,4.0,8.0,0.0
citB,2.0,4.0,1.0
citC,3.0,1.0,3.0
citE,0.0,1.0,0.0
citF,0.0,0.0,0.0
citT,0.0,1.0,0.0
citX,0.0,0.0,0.0
clcA,7.0,7.0,8.0
clcB,2.0,2.0,2.0
cld,126.0,129.0,134.0
clpA,72.0,54.0,54.0
clpB,44.0,58.0,47.0
clpP,1.0,1.0,0.0
clpS,0.0,0.0,0.0
clpX,123.0,104.0,105.0
cls,21.0,17.0,7.0
cmk,66.0,80.0,54.0
cmr,0.0,0.0,3.0
cmtA,9.0,6.0,0.0
cmtB,1.0,0.0,2.0
coaA,21.0,17.0,14.0
coaD,1.0,8.0,4.0
coaE,9.0,9.0,7.0
cobB,6.0,5.0,10.0
cobC,1.0,0.0,2.0
cobS,5.0,1.0,1.0
cobT,3.0,0.0,1.0
cobU,5.0,0.0,5.0
codA,0.0,0.0,0.0
codB,20.0,8.0,9.0
cof,7.0,1.0,5.0
copA,4.0,3.0,2.0
corA,12.0,16.0,12.0
cpdA,0.0,0.0,1.0
cpdB,10.0,3.0,16.0
cpsB,2.0,0.0,2.0
cpsG,1.0,1.0,0.0
cpxA,19.0,22.0,24.0
cpxP,15.0,3.0,8.0
cpxR,22.0,29.0,25.0
crcA,1.0,1.0,0.0
crcB,2.0,0.0,0.0
creA,1.0,0.0,1.0
creB,0.0,1.0,0.0
creC,14.0,8.0,16.0
creD,2.0,7.0,2.0
crl,7.0,14.0,17.0
crp,39.0,27.0,46.0
crr,162.0,156.0,154.0
csdA,0.0,0.0,1.0
csgA,0.0,0.0,0.0
csgB,0.0,2.0,0.0
csgC,8.0,12.0,18.0
csgD,4.0,0.0,3.0
csgE,0.0,1.0,1.0
csgF,1.0,1.0,1.0
csgG,0.0,2.0,1.0
csiE,12.0,19.0,6.0
csiR,10.0,6.0,5.0
cspA,130.0,114.0,145.0
cspB,0.0,0.0,0.0
cspC,5.0,5.0,9.0
cspD,9.0,18.0,25.0
cspE,117.0,125.0,90.0
cspG,0.0,4.0,2.0
cspH,0.0,0.0,0.0
cspI,0.0,0.0,0.0
csrA,8.0,2.0,9.0
csrb,2720.0,2767.0,2755.0
cstA,127.0,123.0,129.0
cueO,14.0,3.0,10.0
cusA,0.0,2.0,2.0
cusB,1.0,1.0,0.0
cusC,2.0,4.0,1.0
cusF,0.0,1.0,4.0
cusR,12.0,7.0,7.0
cusS,5.0,0.0,1.0
cutA,0.0,0.0,1.0
cutC,2.0,2.0,0.0
cvpA,15.0,21.0,12.0
cvrA,26.0,26.0,21.0
cyaA,7.0,11.0,12.0
cyaY,1.0,0.0,0.0
cybB,5.0,2.0,4.0
cybC,0.0,0.0,0.0
cycA,45.0,30.0,47.0
cydA,2.0,4.0,1.0
cydB,6.0,5.0,3.0
cydC,7.0,5.0,16.0
cydD,18.0,8.0,7.0
cynR,0.0,0.0,1.0
cynS,4.0,9.0,2.0
cynT,4.0,2.0,0.0
cynX,6.0,0.0,6.0
cyoA,287.0,297.0,301.0
cyoB,87.0,68.0,60.0
cyoC,35.0,32.0,33.0
cyoD,8.0,14.0,9.0
cyoE,14.0,14.0,7.0
cysA,5.0,0.0,2.0
cysB,19.0,18.0,28.0
cysC,1.0,4.0,5.0
cysD,38.0,35.0,37.0
cysE,0.0,0.0,1.0
cysG,0.0,3.0,7.0
cysH,34.0,23.0,27.0
cysI,16.0,7.0,10.0
cysJ,3.0,4.0,8.0
cysK,387.0,434.0,428.0
cysM,0.0,3.0,2.0
cysN,9.0,7.0,4.0
cysQ,0.0,0.0,0.0
cysS,8.0,2.0,1.0
cysU,8.0,14.0,3.0
cysW,0.0,0.0,0.0
cysZ,2.0,4.0,0.0
cytR,17.0,17.0,19.0
dacA,20.0,29.0,26.0
dacB,15.0,9.0,10.0
dacC,13.0,25.0,23.0
dacD,11.0,1.0,3.0
dadA,6.0,5.0,5.0
dadX,1.0,4.0,2.0
dam,9.0,15.0,9.0
damX,20.0,12.0,9.0
dapA,94.0,116.0,102.0
dapB,10.0,11.0,11.0
dapD,9.0,14.0,14.0
dapE,4.0,4.0,7.0
dapF,2.0,0.0,1.0
dbpA,1.0,0.0,2.0
dcd,4.0,1.0,1.0
dcm,0.0,0.0,0.0
dcp,7.0,15.0,11.0
dcrB,8.0,7.0,14.0
dctA,241.0,232.0,263.0
dcuA,11.0,3.0,6.0
dcuB,0.0,1.0,1.0
dcuC,0.0,1.0,0.0
dcuD,1.0,1.0,2.0
dcuR,16.0,18.0,14.0
dcuS,11.0,6.0,14.0
dcyD,12.0,16.0,20.0
ddlA,11.0,3.0,4.0
ddlB,15.0,13.0,7.0
ddpA,3.0,0.0,0.0
ddpC,2.0,0.0,0.0
ddpD,0.0,0.0,0.0
ddpF,1.0,0.0,1.0
ddpX,2.0,4.0,2.0
deaD,28.0,28.0,22.0
dedA,2.0,5.0,10.0
dedD,9.0,6.0,6.0
def,27.0,9.0,9.0
degP,25.0,27.0,54.0
degQ,7.0,4.0,3.0
degS,0.0,1.0,3.0
deoA,131.0,105.0,117.0
deoB,94.0,75.0,81.0
deoC,12.0,12.0,17.0
deoD,23.0,18.0,16.0
deoR,1.0,0.0,5.0
der,6.0,8.0,8.0
dfp,16.0,14.0,11.0
dgoA,0.0,0.0,0.0
dgoD,10.0,3.0,7.0
dgoK,1.0,5.0,4.0
dgoR,1.0,0.0,0.0
dgoT,0.0,0.0,0.0
dgsA,15.0,21.0,8.0
dgt,14.0,7.0,7.0
dhaK,3.0,7.0,2.0
dhaL,0.0,1.0,0.0
dhaM,5.0,8.0,7.0
dhaR,5.0,3.0,5.0
diaA,45.0,23.0,34.0
dicA,2.0,0.0,1.0
dicB,1.0,0.0,0.0
dicC,0.0,0.0,0.0
dinB,0.0,1.0,0.0
dinD,14.0,12.0,8.0
dinF,2.0,7.0,1.0
dinG,8.0,7.0,2.0
dinI,0.0,0.0,3.0
dinJ,0.0,2.0,0.0
dipZ,7.0,8.0,7.0
djlB,5.0,12.0,8.0
djlC,3.0,5.0,4.0
dkgA,2.0,0.0,0.0
dkgB,6.0,8.0,13.0
dksA,5.0,14.0,3.0
dld,18.0,19.0,11.0
dmsA,6.0,1.0,4.0
dmsB,2.0,3.0,8.0
dmsD,5.0,5.0,3.0
dnaA,89.0,62.0,81.0
dnaB,13.0,16.0,7.0
dnaC,9.0,6.0,6.0
dnaE,19.0,20.0,13.0
dnaG,41.0,45.0,42.0
dnaJ,43.0,77.0,71.0
dnaK,142.0,162.0,154.0
dnaN,16.0,6.0,21.0
dnaQ,4.0,8.0,7.0
dnaT,0.0,3.0,0.0
dnaX,27.0,23.0,22.0
dos,1.0,0.0,2.0
dppA,137.0,187.0,166.0
dppB,0.0,0.0,1.0
dppC,6.0,5.0,2.0
dppD,16.0,9.0,13.0
dppF,0.0,2.0,7.0
dps,6.0,5.0,0.0
dsbA,32.0,21.0,17.0
dsbB,1.0,3.0,8.0
dsbC,18.0,25.0,20.0
dsbG,11.0,10.0,6.0
dsdA,3.0,1.0,2.0
dsdC,1.0,0.0,1.0
dsdX,3.0,1.0,3.0
dtd,5.0,0.0,0.0
dusA,15.0,22.0,14.0
dusB,25.0,29.0,21.0
dusC,1.0,1.0,3.0
dut,0.0,0.0,0.0
dxr,1.0,0.0,0.0
dxs,0.0,1.0,2.0
eaeH,0.0,0.0,1.0
eamA,6.0,8.0,7.0
ebgA,3.0,3.0,2.0
ebgC,4.0,0.0,1.0
ebgR,1.0,0.0,3.0
ecfK,42.0,43.0,50.0
ecnA,6.0,1.0,1.0
ecnB,2.0,3.0,3.0
eco,0.0,0.0,0.0
ecpD,1.0,0.0,1.0
eda,1.0,0.0,0.0
edd,4.0,2.0,3.0
efeU,1.0,0.0,0.0
efp,12.0,14.0,10.0
elaA,0.0,3.0,1.0
elaB,4.0,2.0,1.0
elaC,2.0,2.0,4.0
elaD,4.0,2.0,1.0
elbA,0.0,2.0,1.0
elbB,32.0,10.0,14.0
emrA,2.0,4.0,1.0
emrB,0.0,0.0,1.0
emrD,0.0,0.0,0.0
emrE,5.0,5.0,1.0
emrK,5.0,5.0,7.0
emrY,1.0,0.0,0.0
emtA,8.0,3.0,5.0
endA,0.0,0.0,0.0
eno,247.0,204.0,211.0
entA,4.0,3.0,3.0
entB,3.0,0.0,1.0
entC,2.0,0.0,0.0
entD,1.0,9.0,3.0
entE,0.0,0.0,0.0
entF,5.0,0.0,0.0
envC,8.0,6.0,20.0
envR,4.0,10.0,8.0
envY,4.0,2.0,0.0
envZ,2.0,4.0,4.0
epd,14.0,19.0,19.0
eptA,1.0,0.0,5.0
eptB,14.0,20.0,18.0
era,17.0,15.0,15.0
erfK,2.0,4.0,5.0
essD,0.0,3.0,2.0
essQ,1.0,2.0,2.0
etk,1.0,3.0,3.0
etp,1.0,0.0,0.0
eutA,5.0,2.0,4.0
eutB,2.0,2.0,6.0
eutC,0.0,0.0,2.0
eutE,0.0,0.0,3.0
eutG,5.0,3.0,0.0
eutH,0.0,2.0,0.0
eutP,0.0,0.0,0.0
evgA,4.0,2.0,4.0
evgS,2.0,3.0,1.0
exbB,15.0,9.0,21.0
exbD,18.0,8.0,17.0
exoX,9.0,4.0,0.0
exuR,9.0,1.0,10.0
exuT,11.0,6.0,5.0
fabA,33.0,20.0,20.0
fabB,39.0,25.0,48.0
fabD,17.0,18.0,23.0
fabF,90.0,106.0,117.0
fabG,118.0,135.0,142.0
fabH,13.0,11.0,13.0
fabI,4.0,4.0,4.0
fabR,15.0,15.0,8.0
fabZ,93.0,96.0,111.0
fadA,17.0,18.0,15.0
fadB,4.0,5.0,11.0
fadD,2.0,5.0,7.0
fadE,12.0,6.0,2.0
fadH,0.0,0.0,1.0
fadJ,26.0,20.0,21.0
fadK,1.0,0.0,2.0
fadL,42.0,67.0,56.0
fadR,16.0,7.0,16.0
fbaA,84.0,79.0,76.0
fbaB,14.0,3.0,17.0
fbp,32.0,27.0,18.0
fcl,0.0,0.0,0.0
fdhD,3.0,2.0,13.0
fdhE,19.0,29.0,28.0
fdhF,3.0,4.0,1.0
fdnG,2.0,7.0,4.0
fdnH,0.0,0.0,0.0
fdnI,7.0,11.0,3.0
fdoG,125.0,136.0,132.0
fdoH,7.0,18.0,5.0
fdoI,143.0,162.0,157.0
fdrA,0.0,0.0,4.0
fdx,0.0,0.0,0.0
feaB,0.0,0.0,0.0
feaR,41.0,72.0,56.0
fecA,4.0,0.0,0.0
fecB,1.0,0.0,1.0
fecC,0.0,0.0,0.0
fecE,1.0,0.0,0.0
feoA,1.0,0.0,0.0
feoB,3.0,4.0,0.0
fepA,11.0,10.0,10.0
fepB,1.0,0.0,0.0
fepC,10.0,9.0,11.0
fepD,0.0,0.0,0.0
fepE,7.0,0.0,2.0
fes,3.0,5.0,3.0
ffh,25.0,46.0,22.0
ffs,4729.0,4881.0,4969.0
fhlA,3.0,2.0,5.0
fhuA,74.0,38.0,50.0
fhuB,5.0,7.0,5.0
fhuC,2.0,0.0,1.0
fhuD,7.0,7.0,12.0
fhuE,1.0,5.0,0.0
fhuF,1.0,2.0,3.0
fic,0.0,0.0,0.0
fieF,8.0,3.0,13.0
fimA,87.0,134.0,83.0
fimB,4.0,10.0,12.0
fimC,19.0,11.0,6.0
fimD,2.0,11.0,2.0
fimE,1.0,4.0,4.0
fimF,0.0,0.0,0.0
fimH,11.0,14.0,10.0
fimI,20.0,17.0,17.0
fimZ,0.0,0.0,0.0
fis,94.0,75.0,114.0
fiu,7.0,5.0,13.0
fixA,2.0,0.0,2.0
fixB,0.0,0.0,0.0
fixC,12.0,1.0,0.0
fixX,2.0,4.0,1.0
fklB,0.0,3.0,1.0
fkpA,133.0,119.0,118.0
fkpB,4.0,1.0,2.0
fldA,105.0,74.0,123.0
fldB,0.0,0.0,0.0
flgA,87.0,78.0,71.0
flgB,201.0,245.0,227.0
flgC,115.0,97.0,124.0
flgD,5.0,8.0,7.0
flgE,244.0,274.0,254.0
flgF,421.0,444.0,466.0
flgG,82.0,63.0,77.0
flgH,109.0,97.0,108.0
flgI,0.0,0.0,0.0
flgJ,9.0,13.0,34.0
flgK,127.0,89.0,99.0
flgL,32.0,31.0,39.0
flgM,95.0,100.0,100.0
flgN,76.0,79.0,58.0
flhA,23.0,35.0,35.0
flhB,7.0,1.0,5.0
flhC,39.0,33.0,54.0
flhD,2.0,1.0,0.0
flhE,1.0,0.0,0.0
fliA,71.0,99.0,106.0
fliC,2277.0,2266.0,2405.0
fliD,286.0,282.0,241.0
fliE,1.0,1.0,3.0
fliF,25.0,24.0,19.0
fliG,88.0,65.0,56.0
fliH,45.0,53.0,73.0
fliI,3.0,5.0,0.0
fliJ,18.0,25.0,11.0
fliK,2.0,17.0,11.0
fliL,10.0,4.0,4.0
fliM,43.0,69.0,71.0
fliN,17.0,28.0,23.0
fliO,0.0,3.0,1.0
fliP,15.0,13.0,5.0
fliQ,9.0,4.0,5.0
fliR,6.0,6.0,1.0
fliS,100.0,97.0,114.0
fliT,17.0,15.0,12.0
fliY,173.0,127.0,191.0
fliZ,107.0,95.0,78.0
flk,0.0,1.0,3.0
flu,2.0,3.0,0.0
flxA,16.0,13.0,23.0
fmt,0.0,0.0,4.0
fnr,2.0,2.0,2.0
focA,4.0,6.0,1.0
focB,0.0,0.0,0.0
folA,10.0,12.0,7.0
folB,1.0,0.0,0.0
folC,8.0,8.0,6.0
folD,5.0,3.0,2.0
folE,2.0,12.0,14.0
folK,34.0,19.0,12.0
folM,7.0,10.0,8.0
folP,2.0,0.0,3.0
folX,0.0,0.0,1.0
fpr,2.0,2.0,8.0
frc,7.0,4.0,3.0
frdA,6.0,0.0,0.0
frdB,5.0,2.0,7.0
frdC,5.0,6.0,7.0
frdD,0.0,0.0,0.0
fre,7.0,3.0,5.0
frlA,0.0,0.0,0.0
frlB,1.0,0.0,0.0
frlC,0.0,0.0,0.0
frlR,4.0,1.0,7.0
frmA,23.0,22.0,19.0
frmB,6.0,13.0,7.0
frmR,0.0,0.0,0.0
frr,156.0,163.0,168.0
frsA,4.0,7.0,3.0
fruA,4.0,8.0,6.0
fruK,1.0,0.0,0.0
fruR,6.0,12.0,3.0
frvB,0.0,0.0,1.0
frvR,0.0,0.0,1.0
frvX,0.0,0.0,0.0
frwB,1.0,2.0,3.0
frwD,1.0,2.0,2.0
fsaA,0.0,0.0,0.0
fsaB,4.0,4.0,0.0
fsr,7.0,6.0,7.0
ftn,36.0,55.0,26.0
ftsA,43.0,45.0,58.0
ftsB,0.0,0.0,2.0
ftsE,0.0,3.0,0.0
ftsH,191.0,181.0,191.0
ftsI,4.0,8.0,5.0
ftsK,33.0,17.0,21.0
ftsN,0.0,0.0,0.0
ftsQ,2.0,1.0,1.0
ftsW,8.0,8.0,8.0
ftsX,18.0,20.0,14.0
ftsY,14.0,9.0,10.0
ftsZ,6.0,2.0,13.0
fucA,3.0,1.0,6.0
fucI,2.0,0.0,1.0
fucK,5.0,1.0,2.0
fucO,5.0,2.0,2.0
fucP,5.0,5.0,3.0
fucR,18.0,11.0,20.0
fucU,5.0,1.0,3.0
fumA,108.0,99.0,94.0
fumB,0.0,1.0,0.0
fumC,33.0,32.0,23.0
fur,83.0,91.0,67.0
fusA,586.0,503.0,566.0
fxsA,8.0,5.0,12.0
gabP,1.0,2.0,4.0
gabT,0.0,1.0,0.0
gadA,1.0,0.0,1.0
gadB,2.0,0.0,1.0
gadC,0.0,0.0,4.0
gadE,0.0,0.0,0.0
gadW,4.0,3.0,6.0
gadX,11.0,11.0,17.0
galE,17.0,16.0,18.0
galF,30.0,17.0,44.0
galP,0.0,0.0,2.0
galR,0.0,3.0,2.0
galS,7.0,10.0,5.0
galU,10.0,15.0,22.0
gapA,513.0,568.0,557.0
gapC,0.0,3.0,1.0
garD,8.0,8.0,6.0
garK,5.0,1.0,4.0
garL,1.0,1.0,0.0
garP,3.0,4.0,2.0
garR,1.0,2.0,2.0
gatA,757.0,649.0,738.0
gatB,317.0,358.0,356.0
gatC,224.0,212.0,224.0
gatD,211.0,210.0,190.0
gatR,8.0,5.0,6.0
gatY,16.0,14.0,16.0
gatZ,841.0,906.0,912.0
gcd,2.0,3.0,0.0
gcl,10.0,2.0,12.0
gcvA,4.0,7.0,3.0
gcvH,119.0,112.0,110.0
gcvP,27.0,31.0,22.0
gcvR,34.0,39.0,48.0
gcvT,28.0,23.0,33.0
gdhA,12.0,7.0,10.0
gfcD,1.0,1.0,0.0
ggt,0.0,9.0,3.0
ghrB,70.0,61.0,40.0
gidA,18.0,22.0,36.0
gidB,5.0,13.0,8.0
glcA,2.0,3.0,1.0
glcB,22.0,8.0,14.0
glcC,29.0,39.0,40.0
glcD,4.0,0.0,0.0
glcE,1.0,0.0,0.0
glcF,6.0,0.0,9.0
glcG,1.0,0.0,0.0
gldA,3.0,3.0,2.0
glf,38.0,33.0,39.0
glgA,63.0,52.0,47.0
glgB,34.0,48.0,36.0
glgC,53.0,43.0,54.0
glgP,13.0,28.0,19.0
glgS,1.0,1.0,1.0
glgX,9.0,16.0,9.0
glk,5.0,14.0,6.0
glmM,34.0,29.0,33.0
glmS,71.0,43.0,49.0
glmU,7.0,10.0,3.0
glnA,3.0,13.0,21.0
glnB,4.0,0.0,1.0
glnD,4.0,4.0,5.0
glnE,7.0,16.0,11.0
glnG,0.0,3.0,1.0
glnH,234.0,199.0,253.0
glnK,0.0,3.0,4.0
glnL,9.0,19.0,11.0
glnP,3.0,5.0,3.0
glnQ,0.0,0.0,0.0
glnS,77.0,74.0,92.0
gloA,1.0,1.0,1.0
gloB,5.0,7.0,9.0
glpA,103.0,135.0,126.0
glpB,5.0,5.0,4.0
glpC,13.0,15.0,13.0
glpD,1324.0,1228.0,1306.0
glpE,1.0,0.0,0.0
glpF,308.0,300.0,354.0
glpG,0.0,0.0,0.0
glpK,714.0,736.0,778.0
glpQ,939.0,918.0,987.0
glpR,13.0,17.0,18.0
glpT,440.0,445.0,442.0
glpX,8.0,1.0,2.0
gltA,712.0,593.0,628.0
gltB,19.0,32.0,26.0
gltD,1.0,0.0,1.0
gltF,1.0,4.0,3.0
gltI,24.0,26.0,24.0
gltJ,2.0,1.0,3.0
gltK,6.0,5.0,4.0
gltL,1.0,1.0,0.0
gltP,0.0,2.0,3.0
gltS,0.0,0.0,0.0
gltX,16.0,3.0,5.0
glvC,1.0,0.0,0.0
glvG,0.0,2.0,0.0
glxK,1.0,2.0,2.0
glxR,0.0,3.0,5.0
glyA,3.0,9.0,10.0
glyQ,0.0,1.0,0.0
glyS,1.0,3.0,1.0
gmd,2.0,1.0,2.0
gmhB,5.0,7.0,8.0
gmk,12.0,24.0,12.0
gmr,11.0,8.0,5.0
gnd,160.0,178.0,186.0
gnsA,0.0,1.0,0.0
gnsB,3.0,5.0,2.0
gntK,1.0,5.0,2.0
gntP,3.0,1.0,7.0
gntR,5.0,6.0,3.0
gntT,0.0,1.0,0.0
gntU,4.0,2.0,3.0
gntX,1.0,0.0,1.0
gntY,1.0,0.0,1.0
gor,7.0,21.0,9.0
gph,9.0,11.0,13.0
gpmA,22.0,30.0,21.0
gpmI,0.0,2.0,1.0
gpp,4.0,2.0,1.0
gpsA,19.0,13.0,16.0
greA,12.0,6.0,4.0
greB,0.0,0.0,0.0
groL,383.0,404.0,346.0
groS,187.0,216.0,181.0
grpE,2.0,2.0,2.0
grxA,3.0,0.0,1.0
grxB,27.0,33.0,45.0
grxC,0.0,0.0,0.0
grxD,1.0,1.0,4.0
gshA,42.0,50.0,49.0
gshB,5.0,2.0,3.0
gsk,11.0,8.0,11.0
gspA,4.0,3.0,0.0
gspC,0.0,0.0,0.0
gspD,2.0,0.0,0.0
gspE,1.0,1.0,0.0
gspF,1.0,1.0,1.0
gspG,0.0,0.0,0.0
gspH,0.0,5.0,0.0
gspI,0.0,0.0,0.0
gspJ,2.0,0.0,0.0
gspK,2.0,4.0,1.0
gspL,1.0,1.0,2.0
gspM,0.0,0.0,0.0
gspO,1.0,0.0,1.0
gss,3.0,12.0,4.0
gst,5.0,6.0,6.0
guaA,33.0,21.0,13.0
guaB,38.0,26.0,33.0
guaC,47.0,52.0,53.0
guaD,3.0,0.0,0.0
gudD,2.0,0.0,0.0
gudP,1.0,0.0,0.0
gudX,3.0,6.0,1.0
gutM,0.0,3.0,1.0
gutQ,0.0,0.0,0.0
gyrA,25.0,39.0,26.0
gyrB,47.0,36.0,32.0
hcaC,0.0,0.0,0.0
hcaD,0.0,0.0,0.0
hcaE,0.0,0.0,0.0
hcaF,2.0,3.0,2.0
hcaR,34.0,34.0,44.0
hcaT,4.0,2.0,0.0
hchA,6.0,3.0,2.0
hcp,0.0,0.0,1.0
hcr,0.0,0.0,0.0
hda,0.0,0.0,0.0
hdeA,1.0,3.0,0.0
hdeB,0.0,2.0,1.0
hdeD,4.0,1.0,0.0
hdfR,2.0,0.0,5.0
hdhA,19.0,16.0,22.0
helD,19.0,8.0,15.0
hemA,0.0,0.0,0.0
hemB,1.0,1.0,2.0
hemC,0.0,3.0,6.0
hemF,1.0,1.0,0.0
hemG,8.0,7.0,10.0
hemH,7.0,11.0,12.0
hemL,2.0,9.0,6.0
hemX,46.0,35.0,53.0
hemY,3.0,2.0,2.0
hepA,2.0,2.0,2.0
hflC,34.0,30.0,32.0
hflD,0.0,0.0,0.0
hflK,0.0,2.0,0.0
hflX,73.0,76.0,89.0
hfq,111.0,94.0,132.0
hha,1.0,0.0,2.0
hinT,9.0,8.0,14.0
hipA,2.0,4.0,9.0
hipB,0.0,0.0,1.0
hisB,1.0,4.0,6.0
hisC,1.0,6.0,4.0
hisD,0.0,0.0,1.0
hisF,0.0,1.0,0.0
hisG,5.0,11.0,5.0
hisI,0.0,7.0,0.0
hisJ,71.0,80.0,106.0
hisL,14.0,14.0,18.0
hisM,19.0,6.0,7.0
hisP,0.0,1.0,0.0
hisQ,2.0,6.0,3.0
hisS,12.0,14.0,16.0
hlpA,1.0,0.0,1.0
hlyE,2.0,2.0,1.0
hmp,2.0,6.0,0.0
hns,253.0,206.0,207.0
hofB,0.0,1.0,0.0
hofC,1.0,0.0,0.0
hofQ,0.0,0.0,0.0
hokB,0.0,1.0,0.0
hokC,8.0,12.0,17.0
hokD,5.0,6.0,2.0
hokE,0.0,4.0,0.0
holA,0.0,1.0,0.0
holB,4.0,1.0,3.0
holC,3.0,0.0,0.0
holD,0.0,0.0,0.0
holE,0.0,2.0,0.0
hpf,9.0,12.0,11.0
hpt,1.0,2.0,1.0
hrpA,6.0,11.0,7.0
hrpB,6.0,1.0,2.0
hscA,12.0,22.0,19.0
hscB,4.0,6.0,6.0
hscC,2.0,2.0,2.0
hsdM,7.0,5.0,9.0
hsdR,22.0,25.0,32.0
hsdS,10.0,28.0,24.0
hslJ,4.0,4.0,3.0
hslO,22.0,70.0,31.0
hslR,4.0,1.0,0.0
hslU,8.0,8.0,3.0
hslV,25.0,27.0,32.0
hspQ,2.0,0.0,2.0
hsrA,0.0,0.0,6.0
htgA,0.0,0.0,2.0
htpG,32.0,33.0,38.0
htpX,0.0,0.0,0.0
htrC,1.0,7.0,1.0
htrE,0.0,2.0,0.0
htrG,10.0,18.0,16.0
htrL,18.0,11.0,13.0
hupA,7.0,13.0,8.0
hupB,1485.0,1507.0,1505.0
hyaA,4.0,4.0,0.0
hyaC,0.0,3.0,4.0
hyaF,0.0,1.0,3.0
hybB,3.0,3.0,10.0
hybC,6.0,6.0,5.0
hybD,0.0,1.0,0.0
hybE,0.0,1.0,0.0
hybF,3.0,0.0,1.0
hybG,1.0,0.0,0.0
hybO,9.0,4.0,7.0
hycA,3.0,0.0,1.0
hycB,0.0,0.0,0.0
hycC,1.0,5.0,0.0
hycD,0.0,0.0,0.0
hycE,0.0,2.0,2.0
hycG,1.0,1.0,1.0
hycH,1.0,0.0,4.0
hycI,7.0,7.0,8.0
hyfA,0.0,1.0,0.0
hyfB,0.0,0.0,1.0
hyfC,0.0,3.0,1.0
hyfD,1.0,0.0,0.0
hyfF,3.0,0.0,1.0
hyfG,0.0,0.0,0.0
hyfH,0.0,0.0,0.0
hyfJ,0.0,3.0,0.0
hyfR,2.0,1.0,2.0
hyi,5.0,3.0,5.0
hypB,0.0,0.0,1.0
hypC,0.0,0.0,0.0
hypD,0.0,0.0,0.0
hypE,0.0,0.0,0.0
hypF,0.0,0.0,1.0
hyuA,2.0,1.0,0.0
iaaA,1.0,0.0,0.0
iap,1.0,2.0,11.0
ibpA,10.0,11.0,8.0
ibpB,0.0,0.0,0.0
icd,653.0,636.0,625.0
icdC,136.0,133.0,131.0
idi,3.0,5.0,8.0
idnD,1.0,1.0,4.0
idnK,5.0,3.0,10.0
idnO,2.0,4.0,6.0
idnR,3.0,1.0,2.0
idnT,8.0,4.0,4.0
ihfA,77.0,79.0,113.0
ihfB,12.0,9.0,22.0
ileS,6.0,9.0,10.0
ilvA,5.0,3.0,1.0
ilvB,164.0,163.0,221.0
ilvC,123.0,102.0,122.0
ilvD,13.0,8.0,17.0
ilvE,0.0,0.0,0.0
ilvG,3.0,7.0,1.0
ilvH,3.0,3.0,2.0
ilvI,14.0,7.0,10.0
ilvM,4.0,0.0,2.0
ilvN,72.0,72.0,67.0
imp,142.0,125.0,113.0
inaA,4.0,7.0,4.0
infA,1.0,0.0,1.0
infB,124.0,144.0,155.0
infC,2.0,3.0,2.0
insA-7,1.0,1.0,0.0
insC-2,10.0,6.0,9.0
insD-2,2.0,1.0,1.0
insE-4,21.0,34.0,22.0
insF-4,7.0,6.0,4.0
insG,4.0,7.0,1.0
insH-1,242.0,261.0,319.0
insH-6,31.0,42.0,27.0
insI-1,19.0,27.0,16.0
insI-2,0.0,6.0,0.0
insJ,2.0,5.0,4.0
insK,2.0,2.0,2.0
insL-3,70.0,56.0,64.0
insM,6.0,14.0,11.0
insN-1,0.0,0.0,0.0
insN-2,3.0,7.0,4.0
insO-1,0.0,2.0,1.0
insO-2,2.0,2.0,7.0
intA,10.0,11.0,7.0
intB,7.0,8.0,1.0
intD,3.0,9.0,10.0
intE,0.0,0.0,0.0
intF,1.0,1.0,2.0
intG,1.0,0.0,0.0
intQ,2.0,1.0,2.0
intR,0.0,3.0,0.0
intS,0.0,0.0,2.0
intZ,0.0,1.0,1.0
iraP,9.0,8.0,10.0
iscA,10.0,6.0,22.0
iscR,14.0,15.0,8.0
iscS,0.0,2.0,2.0
iscU,157.0,150.0,151.0
ispA,0.0,0.0,2.0
ispB,25.0,18.0,30.0
ispD,3.0,7.0,9.0
ispE,5.0,12.0,9.0
ispF,5.0,11.0,7.0
ispG,9.0,8.0,15.0
ispH,11.0,5.0,10.0
ispU,44.0,54.0,54.0
ivbL,42.0,55.0,58.0
ivy,6.0,7.0,4.0
kanR,998.0,969.0,1009.0
katE,7.0,9.0,7.0
katG,110.0,105.0,95.0
kbaY,0.0,2.0,0.0
kbaZ,0.0,0.0,0.0
kbl,2.0,3.0,1.0
kch,0.0,0.0,1.0
kdgK,1.0,0.0,1.0
kdgR,18.0,9.0,12.0
kdgT,2.0,0.0,4.0
kdpA,1.0,2.0,0.0
kdpB,0.0,1.0,0.0
kdpC,1.0,1.0,0.0
kdpD,6.0,6.0,2.0
kdsA,19.0,9.0,20.0
kdsB,3.0,2.0,1.0
kdsC,0.0,2.0,2.0
kdsD,12.0,5.0,9.0
kdtA,4.0,2.0,4.0
kduD,1.0,1.0,1.0
kduI,1.0,0.0,4.0
kefA,15.0,10.0,6.0
kefB,9.0,6.0,4.0
kefC,0.0,2.0,0.0
kefF,0.0,0.0,2.0
kefG,6.0,2.0,2.0
kgtP,215.0,200.0,192.0
kil,2.0,0.0,1.0
kptA,2.0,5.0,9.0
ksgA,5.0,4.0,9.0
lafU,0.0,1.0,1.0
lamB,52.0,46.0,57.0
lar,0.0,1.0,0.0
ldcA,7.0,2.0,0.0
ldcC,0.0,1.0,6.0
ldhA,12.0,11.0,14.0
ldrB,0.0,0.0,1.0
ldrC,1.0,0.0,0.0
ldrD,0.0,2.0,0.0
lepA,40.0,43.0,85.0
lepB,4.0,5.0,14.0
leuA,98.0,85.0,99.0
leuB,10.0,14.0,7.0
leuC,126.0,134.0,161.0
leuD,5.0,10.0,10.0
leuL,1.0,0.0,4.0
leuO,5.0,3.0,6.0
leuS,13.0,21.0,15.0
lfhA,0.0,0.0,0.0
lgt,1.0,1.0,3.0
lhr,0.0,1.0,0.0
ligA,33.0,39.0,25.0
ligB,4.0,0.0,4.0
ligT,0.0,0.0,0.0
lipA,4.0,1.0,3.0
lipB,0.0,0.0,5.0
lit,10.0,7.0,4.0
livF,1.0,1.0,0.0
livG,14.0,22.0,17.0
livH,3.0,14.0,6.0
livJ,61.0,61.0,63.0
livK,17.0,29.0,12.0
livM,2.0,0.0,0.0
lldD,7.0,9.0,9.0
lldP,0.0,0.0,0.0
lldR,0.0,1.0,0.0
lnt,0.0,0.0,0.0
lolA,22.0,35.0,29.0
lolB,5.0,5.0,9.0
lolC,3.0,5.0,3.0
lolD,3.0,1.0,0.0
lolE,7.0,2.0,15.0
lomR,1.0,5.0,1.0
lon,61.0,60.0,60.0
lpcA,75.0,53.0,84.0
lpd,145.0,121.0,127.0
lplA,1.0,2.0,1.0
lpp,71.0,75.0,61.0
lpxA,22.0,16.0,24.0
lpxB,11.0,4.0,6.0
lpxC,44.0,44.0,47.0
lpxD,21.0,11.0,14.0
lpxK,6.0,4.0,9.0
lpxL,9.0,3.0,3.0
lpxM,5.0,4.0,5.0
lpxP,4.0,3.0,2.0
lrhA,53.0,60.0,43.0
lrp,65.0,38.0,58.0
lspA,2.0,14.0,11.0
lsrA,2.0,3.0,2.0
lsrB,12.0,7.0,6.0
lsrC,0.0,0.0,1.0
lsrD,11.0,3.0,6.0
lsrF,4.0,13.0,23.0
lsrG,4.0,5.0,1.0
lsrK,4.0,7.0,6.0
lsrR,0.0,0.0,0.0
ltaE,1.0,0.0,0.0
luxS,33.0,25.0,29.0
lysA,0.0,1.0,1.0
lysC,0.0,2.0,1.0
lysP,8.0,2.0,8.0
lysR,6.0,3.0,7.0
lysS,66.0,47.0,52.0
lysT--lysQoperon,970.0,924.0,893.0
lysU,14.0,6.0,8.0
lyxK,1.0,0.0,0.0
mCherry,53.0,60.0,60.0
maa,2.0,2.0,0.0
macA,3.0,3.0,3.0
macB,1.0,4.0,1.0
maeB,87.0,98.0,98.0
mak,6.0,4.0,2.0
malF,6.0,9.0,7.0
malG,2.0,0.0,3.0
malI,1.0,0.0,1.0
malK,8.0,19.0,12.0
malM,4.0,12.0,2.0
malP,4.0,4.0,6.0
malQ,9.0,8.0,12.0
malS,1.0,0.0,0.0
malT,57.0,78.0,81.0
malX,9.0,7.0,7.0
malY,12.0,14.0,12.0
malZ,12.0,9.0,5.0
manA,2.0,1.0,2.0
manX,8.0,5.0,2.0
manY,62.0,65.0,65.0
manZ,62.0,42.0,41.0
maoC,0.0,0.0,0.0
map,11.0,6.0,8.0
marA,0.0,3.0,1.0
marB,0.0,0.0,1.0
marC,1.0,1.0,1.0
marR,1.0,0.0,0.0
mazG,10.0,3.0,9.0
mcrA,4.0,9.0,13.0
mcrB,7.0,3.0,9.0
mcrC,0.0,5.0,2.0
mdaB,7.0,1.0,2.0
mdh,179.0,182.0,159.0
mdlA,1.0,5.0,0.0
mdlB,1.0,1.0,1.0
mdoB,3.0,8.0,1.0
mdoC,3.0,5.0,4.0
mdoD,24.0,13.0,14.0
mdoG,86.0,72.0,51.0
mdoH,8.0,11.0,11.0
mdtA,1.0,2.0,3.0
mdtB,6.0,2.0,6.0
mdtC,0.0,1.0,0.0
mdtD,0.0,0.0,0.0
mdtE,0.0,0.0,0.0
mdtF,3.0,0.0,3.0
mdtG,0.0,3.0,0.0
mdtI,2.0,1.0,1.0
mdtK,4.0,5.0,1.0
mdtL,0.0,0.0,0.0
mdtQ,2.0,1.0,2.0
melA,2.0,3.0,2.0
melB,6.0,11.0,6.0
melR,1.0,8.0,3.0
menA,0.0,0.0,4.0
menB,0.0,6.0,0.0
menC,6.0,6.0,10.0
menE,0.0,1.0,4.0
menF,1.0,0.0,1.0
mepA,0.0,0.0,0.0
metA,4.0,3.0,4.0
metC,4.0,4.0,6.0
metE,45.0,45.0,49.0
metF,7.0,4.0,6.0
metG,15.0,23.0,17.0
metH,38.0,30.0,14.0
metI,17.0,5.0,33.0
metJ,0.0,0.0,0.0
metK,20.0,13.0,7.0
metL,1.0,1.0,1.0
metQ,35.0,34.0,43.0
mfd,13.0,10.0,17.0
mglA,132.0,150.0,145.0
mglB,262.0,241.0,232.0
mglC,15.0,24.0,25.0
mgsA,0.0,0.0,0.0
mgtA,70.0,53.0,41.0
mhpA,2.0,1.0,0.0
mhpC,3.0,1.0,2.0
mhpD,0.0,1.0,0.0
mhpE,0.0,0.0,0.0
mhpF,6.0,2.0,3.0
mhpR,0.0,0.0,0.0
mhpT,0.0,0.0,0.0
miaA,42.0,24.0,37.0
miaB,18.0,13.0,9.0
minC,1.0,1.0,1.0
minD,95.0,123.0,128.0
minE,0.0,1.0,0.0
mioC,2.0,3.0,0.0
mipA,22.0,8.0,15.0
mlrA,1.0,0.0,2.0
mltA,1.0,6.0,1.0
mltC,16.0,10.0,7.0
mltD,52.0,61.0,75.0
mmuP,0.0,2.0,6.0
mngA,0.0,0.0,2.0
mngB,2.0,4.0,1.0
mngR,4.0,4.0,1.0
mnmA,8.0,11.0,3.0
mnmC,3.0,0.0,3.0
mnmE,2.0,0.0,1.0
mntH,3.0,9.0,7.0
mntR,1.0,0.0,1.0
moaA,4.0,10.0,6.0
moaB,3.0,0.0,0.0
moaC,0.0,1.0,0.0
moaE,0.0,0.0,0.0
mobA,0.0,1.0,1.0
mobB,1.0,8.0,10.0
modA,261.0,230.0,240.0
modB,18.0,48.0,38.0
modC,0.0,0.0,0.0
modE,9.0,2.0,2.0
modF,2.0,1.0,1.0
moeA,10.0,4.0,5.0
moeB,1.0,0.0,0.0
mokB,1.0,2.0,0.0
mokC,1.0,0.0,3.0
molR,10.0,10.0,9.0
motA,56.0,42.0,41.0
motB,51.0,59.0,53.0
mpaA,2.0,4.0,4.0
mpl,0.0,1.0,4.0
mppA,11.0,7.0,13.0
mprA,10.0,11.0,16.0
mqo,0.0,2.0,4.0
mqsR,0.0,0.0,0.0
mraW,0.0,0.0,0.0
mraY,6.0,7.0,1.0
mraZ,2.0,0.0,0.0
mrcA,4.0,6.0,11.0
mrcB,27.0,14.0,15.0
mrdA,6.0,6.0,14.0
mrdB,8.0,3.0,5.0
mreB,11.0,15.0,25.0
mreC,15.0,3.0,8.0
mreD,5.0,3.0,5.0
mrp,4.0,8.0,2.0
mrr,5.0,12.0,1.0
ms2_rev,49.0,41.0,43.0
msbA,31.0,48.0,43.0
mscL,3.0,2.0,4.0
mscS,11.0,4.0,10.0
msrA,2.0,0.0,1.0
msrB,43.0,78.0,92.0
msyB,2.0,2.0,0.0
mtgA,0.0,1.0,0.0
mtlA,40.0,38.0,44.0
mtlD,4.0,2.0,5.0
mtlR,0.0,0.0,2.0
mtn,0.0,2.0,0.0
mtr,51.0,44.0,39.0
mug,4.0,1.0,1.0
mukB,17.0,12.0,22.0
mukE,1.0,6.0,8.0
mukF,26.0,20.0,25.0
murA,3.0,1.0,1.0
murB,6.0,7.0,3.0
murC,6.0,0.0,2.0
murD,12.0,10.0,17.0
murE,2.0,0.0,1.0
murF,13.0,13.0,3.0
murG,0.0,3.0,3.0
murI,13.0,7.0,12.0
mutH,16.0,4.0,8.0
mutL,2.0,5.0,7.0
mutM,0.0,3.0,1.0
mutS,21.0,24.0,26.0
mutT,2.0,2.0,1.0
mutY,5.0,5.0,4.0
nac,11.0,4.0,8.0
nadA,49.0,32.0,39.0
nadB,0.0,2.0,1.0
nadC,16.0,12.0,10.0
nadD,1.0,2.0,0.0
nadE,7.0,19.0,9.0
nadK,11.0,8.0,5.0
nadR,16.0,7.0,14.0
nagA,21.0,16.0,13.0
nagB,7.0,6.0,11.0
nagC,10.0,13.0,16.0
nagD,1.0,3.0,1.0
nagE,109.0,89.0,96.0
nagK,7.0,4.0,10.0
nagZ,0.0,4.0,3.0
nanA,8.0,11.0,14.0
nanE,2.0,3.0,5.0
nanK,1.0,0.0,0.0
nanR,0.0,1.0,0.0
nanT,0.0,8.0,7.0
napA,2.0,2.0,0.0
napB,3.0,5.0,4.0
napC,0.0,0.0,1.0
napD,1.0,6.0,4.0
napG,1.0,0.0,3.0
napH,5.0,3.0,1.0
narG,0.0,0.0,0.0
narH,0.0,0.0,0.0
narI,0.0,0.0,0.0
narJ,1.0,0.0,0.0
narK,0.0,0.0,0.0
narL,12.0,3.0,2.0
narP,9.0,11.0,8.0
narQ,2.0,0.0,1.0
narU,0.0,2.0,3.0
narV,0.0,0.0,0.0
narW,3.0,0.0,1.0
narX,12.0,7.0,7.0
narY,0.0,0.0,0.0
narZ,2.0,0.0,1.0
ndh,6.0,9.0,2.0
ndk,287.0,261.0,283.0
nei,5.0,1.0,2.0
nemA,0.0,3.0,0.0
nepI,1.0,0.0,1.0
nfi,0.0,3.0,2.0
nfnB,0.0,4.0,3.0
nfo,0.0,0.0,2.0
nfrA,4.0,2.0,4.0
nfrB,4.0,3.0,0.0
nfsA,3.0,5.0,5.0
nhaA,9.0,6.0,1.0
nhaB,41.0,29.0,68.0
nhaR,19.0,16.0,17.0
nhoA,3.0,1.0,1.0
nikA,2.0,4.0,3.0
nikB,0.0,0.0,0.0
nikC,0.0,0.0,0.0
nikD,0.0,0.0,0.0
nikE,6.0,2.0,0.0
nikR,1.0,0.0,0.0
ninE,0.0,0.0,0.0
nirB,2.0,6.0,5.0
nirC,0.0,1.0,0.0
nirD,0.0,1.0,0.0
nlpA,6.0,9.0,12.0
nlpB,55.0,34.0,56.0
nlpC,3.0,0.0,0.0
nlpD,137.0,143.0,159.0
nlpE,5.0,2.0,3.0
nlpI,125.0,136.0,116.0
nmpC,430.0,367.0,405.0
norR,0.0,0.0,0.0
norV,1.0,3.0,4.0
npr,9.0,8.0,21.0
nrdA,15.0,24.0,7.0
nrdB,5.0,8.0,4.0
nrdD,3.0,0.0,1.0
nrdE,3.0,3.0,9.0
nrdF,3.0,2.0,0.0
nrdG,2.0,3.0,2.0
nrdH,0.0,0.0,0.0
nrdI,1.0,9.0,1.0
nrdR,9.0,20.0,19.0
nrfA,0.0,1.0,1.0
nrfB,3.0,1.0,2.0
nrfC,0.0,0.0,0.0
nrfD,7.0,8.0,1.0
nrfE,1.0,0.0,0.0
nrfF,0.0,0.0,0.0
nrfG,0.0,0.0,0.0
nsrR,5.0,18.0,6.0
nth,4.0,2.0,4.0
nudB,101.0,74.0,59.0
nudC,8.0,26.0,11.0
nudD,2.0,0.0,0.0
nudE,7.0,8.0,4.0
nudF,7.0,10.0,4.0
nudH,29.0,19.0,22.0
nudI,0.0,0.0,0.0
nudJ,4.0,2.0,4.0
nudK,1.0,0.0,2.0
nuoA,17.0,20.0,20.0
nuoB,55.0,51.0,56.0
nuoC,126.0,107.0,120.0
nuoE,0.0,1.0,0.0
nuoF,13.0,11.0,8.0
nuoG,0.0,0.0,0.0
nuoH,14.0,14.0,7.0
nuoI,2.0,2.0,1.0
nuoJ,2.0,9.0,4.0
nuoK,0.0,2.0,5.0
nuoL,2.0,5.0,1.0
nuoM,70.0,72.0,74.0
nuoN,1.0,2.0,3.0
nupC,139.0,144.0,136.0
nupG,181.0,149.0,162.0
nusA,44.0,52.0,43.0
nusG,171.0,153.0,189.0
obgE,29.0,10.0,7.0
ogrK,0.0,0.0,0.0
ogt,1.0,3.0,0.0
ompA,248.0,252.0,252.0
ompC,409.0,340.0,372.0
ompF,1387.0,1421.0,1488.0
ompG,2.0,0.0,1.0
ompL,2.0,3.0,2.0
ompN,2.0,1.0,1.0
ompR,0.0,0.0,0.0
ompT,356.0,287.0,280.0
ompW,23.0,23.0,11.0
ompX,1.0,0.0,0.0
oppA,77.0,75.0,90.0
oppB,38.0,30.0,29.0
oppC,12.0,9.0,7.0
oppD,59.0,33.0,61.0
orn,1.0,1.0,2.0
osmB,0.0,1.0,0.0
osmC,3.0,1.0,5.0
osmE,2.0,0.0,1.0
osmY,6.0,3.0,9.0
otsA,2.0,14.0,6.0
otsB,1.0,4.0,3.0
oxc,2.0,0.0,2.0
oxyR,10.0,2.0,5.0
paaA,0.0,0.0,2.0
paaB,0.0,2.0,0.0
paaC,0.0,2.0,0.0
paaE,0.0,3.0,2.0
paaF,0.0,0.0,1.0
paaG,1.0,3.0,1.0
paaH,1.0,1.0,4.0
paaI,0.0,4.0,2.0
paaJ,18.0,35.0,19.0
paaK,26.0,33.0,22.0
paaX,3.0,4.0,13.0
paaY,2.0,3.0,4.0
pabA,0.0,3.0,0.0
pabB,0.0,3.0,0.0
pabC,0.0,2.0,0.0
pal,5.0,7.0,9.0
panB,1.0,2.0,1.0
panC,6.0,13.0,4.0
panD,0.0,1.0,0.0
panE,5.0,3.0,1.0
panF,0.0,0.0,0.0
parC,13.0,7.0,13.0
parE,5.0,8.0,8.0
pbl,0.0,0.0,1.0
pbpC,0.0,0.0,0.0
pbpG,5.0,4.0,10.0
pck,163.0,149.0,137.0
pcm,0.0,0.0,0.0
pcnB,67.0,73.0,60.0
pdhR,10.0,2.0,8.0
pdxA,17.0,3.0,13.0
pdxB,13.0,4.0,6.0
pdxH,15.0,10.0,18.0
pdxJ,0.0,3.0,2.0
pdxK,0.0,0.0,0.0
pdxY,1.0,2.0,0.0
pepA,7.0,5.0,4.0
pepB,0.0,0.0,0.0
pepD,54.0,56.0,64.0
pepE,0.0,1.0,0.0
pepN,101.0,133.0,107.0
pepP,13.0,6.0,6.0
pepQ,21.0,16.0,10.0
pepT,28.0,26.0,21.0
perR,2.0,1.0,5.0
pfkA,4.0,4.0,4.0
pfkB,1.0,2.0,2.0
pflA,0.0,2.0,0.0
pflB,239.0,204.0,206.0
pflC,6.0,5.0,7.0
pflD,5.0,4.0,2.0
pgaA,1.0,0.0,0.0
pgaB,1.0,0.0,0.0
pgaC,0.0,0.0,4.0
pgaD,1.0,0.0,2.0
pgi,13.0,15.0,8.0
pgk,92.0,80.0,99.0
pgl,25.0,14.0,27.0
pgm,50.0,74.0,48.0
pgpA,1.0,2.0,1.0
pgpB,17.0,6.0,12.0
pheA,22.0,37.0,15.0
pheL,0.0,0.0,0.0
pheP,0.0,0.0,0.0
pheT,67.0,76.0,84.0
phnA,6.0,4.0,11.0
phnE,1.0,0.0,1.0
phnJ,0.0,0.0,0.0
phnK,1.0,1.0,0.0
phnM,0.0,1.0,1.0
phnN,1.0,0.0,1.0
phoB,0.0,0.0,0.0
phoE,2.0,1.0,0.0
phoH,5.0,13.0,7.0
phoP,64.0,89.0,78.0
phoQ,12.0,21.0,14.0
phoR,1.0,2.0,5.0
phoU,5.0,7.0,7.0
php,0.0,0.0,0.0
phr,6.0,4.0,1.0
pin,0.0,2.0,0.0
pinH,0.0,1.0,0.0
pinQ,6.0,0.0,6.0
pinR,0.0,0.0,0.0
pioO,0.0,6.0,0.0
pitA,8.0,1.0,3.0
pitB,0.0,1.0,0.0
pldA,3.0,4.0,3.0
pldB,0.0,0.0,0.0
plsB,35.0,30.0,34.0
plsC,1.0,8.0,10.0
plsX,50.0,69.0,90.0
pmbA,14.0,7.0,7.0
pmrD,4.0,5.0,14.0
pncA,9.0,1.0,4.0
pncB,22.0,33.0,25.0
pnp,53.0,59.0,50.0
pntA,65.0,53.0,43.0
pntB,122.0,112.0,101.0
pnuC,38.0,35.0,47.0
polA,9.0,10.0,5.0
polB,0.0,0.0,0.0
potA,13.0,12.0,12.0
potB,3.0,3.0,6.0
potC,0.0,2.0,0.0
potD,111.0,123.0,119.0
potE,4.0,2.0,1.0
potF,2.0,5.0,3.0
potG,0.0,2.0,3.0
potH,3.0,4.0,2.0
potI,0.0,0.0,0.0
poxA,2.0,0.0,1.0
poxB,0.0,0.0,0.0
ppa,0.0,0.0,0.0
ppc,17.0,27.0,24.0
ppdB,0.0,1.0,0.0
ppdD,1.0,0.0,0.0
pphA,2.0,8.0,4.0
pphB,7.0,0.0,2.0
ppiA,0.0,0.0,2.0
ppiB,16.0,6.0,13.0
ppiC,9.0,10.0,5.0
ppiD,68.0,53.0,53.0
ppk,7.0,3.0,0.0
pppA,0.0,3.0,4.0
pps,123.0,146.0,155.0
ppx,14.0,13.0,6.0
pqiA,11.0,11.0,6.0
pqiB,4.0,4.0,3.0
pqqL,3.0,4.0,1.0
prc,32.0,43.0,61.0
prfA,9.0,24.0,18.0
prfB,56.0,83.0,92.0
prfC,6.0,5.0,4.0
prfH,0.0,0.0,1.0
priA,0.0,0.0,0.0
priB,13.0,12.0,4.0
prkB,11.0,12.0,15.0
prlC,18.0,16.0,31.0
prmA,0.0,1.0,1.0
prmB,15.0,17.0,10.0
prmC,0.0,0.0,1.0
proA,17.0,6.0,6.0
proB,2.0,0.0,0.0
proC,2.0,4.0,0.0
proP,39.0,51.0,28.0
proQ,7.0,18.0,19.0
proS,47.0,44.0,27.0
proV,5.0,7.0,8.0
proX,2.0,4.0,0.0
prpB,0.0,1.0,2.0
prpC,1.0,0.0,0.0
prpD,0.0,0.0,0.0
prpE,0.0,1.0,0.0
prpR,5.0,0.0,4.0
prsA,55.0,54.0,64.0
psd,23.0,14.0,23.0
psiE,4.0,4.0,4.0
psiF,4.0,9.0,5.0
pspA,6.0,3.0,6.0
pspB,0.0,0.0,0.0
pspC,2.0,1.0,3.0
pspD,0.0,0.0,0.0
pspE,6.0,2.0,2.0
pspF,2.0,3.0,7.0
pssA,9.0,10.0,15.0
pstA,2.0,1.0,0.0
pstB,4.0,4.0,2.0
pstC,2.0,2.0,0.0
pstS,0.0,0.0,0.0
pta,102.0,103.0,82.0
pth,18.0,11.0,13.0
ptrA,8.0,13.0,7.0
ptrB,4.0,8.0,4.0
ptsA,0.0,1.0,0.0
ptsG,4.0,15.0,6.0
ptsH,59.0,44.0,50.0
ptsI,97.0,84.0,85.0
ptsN,16.0,26.0,18.0
ptsP,2.0,4.0,2.0
purA,279.0,254.0,259.0
purB,12.0,19.0,26.0
purC,7.0,7.0,4.0
purD,3.0,4.0,2.0
purE,2.0,4.0,7.0
purF,6.0,19.0,13.0
purH,106.0,81.0,88.0
purK,4.0,8.0,5.0
purL,96.0,91.0,104.0
purM,8.0,19.0,13.0
purN,0.0,0.0,2.0
purR,64.0,63.0,77.0
purT,0.0,1.0,1.0
purU,12.0,17.0,17.0
putA,70.0,61.0,60.0
putP,239.0,229.0,193.0
puuA,0.0,2.0,2.0
puuB,3.0,14.0,2.0
puuC,2.0,2.0,0.0
puuD,14.0,14.0,13.0
puuE,0.0,0.0,0.0
puuP,6.0,2.0,7.0
puuR,13.0,16.0,16.0
pykA,0.0,0.0,0.0
pykF,15.0,10.0,13.0
pyrB,45.0,38.0,34.0
pyrC,53.0,53.0,46.0
pyrD,20.0,21.0,11.0
pyrE,10.0,2.0,8.0
pyrF,4.0,0.0,2.0
pyrG,60.0,72.0,78.0
pyrH,22.0,21.0,26.0
pyrI,22.0,22.0,21.0
pyrL,3.0,2.0,1.0
qor,3.0,1.0,5.0
qseB,1.0,0.0,0.0
queA,2.0,0.0,0.0
queC,1.0,1.0,1.0
queF,3.0,1.0,5.0
racC,3.0,4.0,2.0
racR,7.0,4.0,9.0
radA,3.0,2.0,4.0
raiA,53.0,33.0,36.0
rarA,0.0,0.0,0.0
rarD,3.0,1.0,1.0
ravA,1.0,1.0,1.0
rbbA,3.0,5.0,5.0
rbfA,0.0,1.0,1.0
rbn,0.0,0.0,0.0
rbsA,32.0,43.0,49.0
rbsB,43.0,33.0,46.0
rbsC,24.0,14.0,15.0
rbsD,17.0,12.0,19.0
rbsK,62.0,50.0,68.0
rbsR,3.0,7.0,6.0
rcsA,4.0,7.0,11.0
rcsB,7.0,9.0,8.0
rcsC,6.0,2.0,15.0
rcsD,9.0,14.0,9.0
rcsF,7.0,10.0,16.0
rdgC,0.0,0.0,0.0
recA,0.0,0.0,0.0
recB,0.0,14.0,3.0
recC,4.0,5.0,4.0
recD,2.0,2.0,3.0
recE,1.0,2.0,4.0
recF,0.0,4.0,3.0
recG,2.0,0.0,1.0
recJ,4.0,9.0,7.0
recN,5.0,4.0,11.0
recO,2.0,0.0,1.0
recQ,16.0,12.0,12.0
recR,4.0,0.0,2.0
recT,0.0,2.0,1.0
recX,0.0,0.0,1.0
relA,5.0,6.0,15.0
relB,6.0,9.0,6.0
relE,1.0,2.0,5.0
rem,1.0,0.0,2.0
rep,1.0,3.0,3.0
rfaB,7.0,9.0,8.0
rfaC,7.0,6.0,9.0
rfaD,1.0,2.0,3.0
rfaE,7.0,7.0,1.0
rfaF,4.0,0.0,2.0
rfaG,6.0,14.0,18.0
rfaH,0.0,0.0,2.0
rfaI,9.0,23.0,22.0
rfaJ,4.0,8.0,15.0
rfaK,1.0,1.0,2.0
rfaL,20.0,17.0,22.0
rfaP,16.0,10.0,13.0
rfaQ,15.0,5.0,3.0
rfaS,1.0,0.0,0.0
rfaY,5.0,8.0,6.0
rfaZ,6.0,2.0,10.0
rfbA,30.0,29.0,23.0
rfbB,25.0,23.0,15.0
rfbC,103.0,102.0,88.0
rfbD,131.0,93.0,115.0
rfbX,43.0,47.0,49.0
rfe,7.0,6.0,11.0
rffA,11.0,12.0,10.0
rffD,8.0,8.0,16.0
rffE,8.0,18.0,15.0
rffG,8.0,4.0,2.0
rffH,12.0,5.0,6.0
rffM,22.0,18.0,4.0
rffT,2.0,0.0,2.0
rhaB,0.0,0.0,1.0
rhaD,0.0,1.0,2.0
rhaR,3.0,4.0,1.0
rhaS,0.0,0.0,1.0
rhlB,29.0,21.0,27.0
rhlE,3.0,0.0,0.0
rho,132.0,87.0,100.0
rhoL,1.0,2.0,4.0
rhsA,1.0,1.0,2.0
rhsB,6.0,6.0,9.0
rhsC,4.0,2.0,2.0
rhsD,0.0,5.0,0.0
rhsE,3.0,2.0,1.0
rhtA,0.0,0.0,0.0
rhtB,2.0,1.0,0.0
rhtC,3.0,1.0,4.0
ribA,13.0,25.0,6.0
ribB,14.0,24.0,30.0
ribC,10.0,12.0,20.0
ribD,10.0,10.0,11.0
ribE,3.0,3.0,0.0
ribF,4.0,6.0,6.0
rihA,7.0,20.0,14.0
rihB,1.0,0.0,1.0
rihC,22.0,27.0,34.0
rimI,2.0,0.0,0.0
rimJ,32.0,22.0,28.0
rimK,0.0,0.0,1.0
rimL,5.0,12.0,13.0
rimM,63.0,57.0,70.0
rlmB,3.0,0.0,5.0
rlmL,12.0,14.0,21.0
rlpA,3.0,0.0,1.0
rlpB,1.0,5.0,4.0
rluA,6.0,2.0,0.0
rluB,0.0,0.0,2.0
rluC,0.0,2.0,0.0
rluD,6.0,2.0,8.0
rluE,1.0,1.0,6.0
rluF,7.0,6.0,3.0
rmf,1.0,2.0,0.0
rmuC,0.0,0.0,0.0
rna,7.0,5.0,3.0
rnb,17.0,16.0,10.0
rnc,20.0,13.0,12.0
rnd,1.0,5.0,5.0
rne,94.0,116.0,76.0
rng,6.0,4.0,3.0
rnhA,0.0,0.0,1.0
rnhB,4.0,2.0,1.0
rnk,7.0,3.0,5.0
rnpA,1.0,1.0,0.0
rnr,0.0,0.0,0.0
rnt,0.0,0.0,0.0
rob,0.0,0.0,0.0
rof,4.0,2.0,0.0
rpe,9.0,16.0,25.0
rph,0.0,0.0,0.0
rpiA,0.0,10.0,6.0
rpiB,4.0,1.0,0.0
rpiR,2.0,3.0,4.0
rplA,391.0,381.0,401.0
rplB,16.0,17.0,26.0
rplC,872.0,820.0,868.0
rplD,467.0,481.0,549.0
rplE,314.0,295.0,338.0
rplF,500.0,543.0,576.0
rplI,477.0,447.0,415.0
rplJ,737.0,738.0,782.0
rplK,42.0,31.0,48.0
rplL,2129.0,2108.0,2172.0
rplM,24.0,40.0,34.0
rplN,623.0,623.0,617.0
rplO,763.0,707.0,706.0
rplP,17.0,10.0,11.0
rplQ,67.0,40.0,66.0
rplR,337.0,337.0,340.0
rplS,200.0,193.0,192.0
rplT,418.0,409.0,411.0
rplU,29.0,21.0,25.0
rplV,179.0,179.0,158.0
rplW,521.0,496.0,624.0
rplX,376.0,403.0,401.0
rplY,21.0,24.0,22.0
rpmA,130.0,121.0,146.0
rpmB,13.0,13.0,25.0
rpmC,902.0,864.0,877.0
rpmD,131.0,118.0,143.0
rpmE,4.0,0.0,2.0
rpmF,41.0,49.0,31.0
rpmG,119.0,138.0,136.0
rpmH,13.0,11.0,7.0
rpmI,36.0,43.0,28.0
rpmJ,24.0,16.0,27.0
rpoA,584.0,548.0,610.0
rpoB,144.0,139.0,129.0
rpoC,204.0,189.0,216.0
rpoD,53.0,31.0,26.0
rpoE,22.0,15.0,28.0
rpoH,11.0,23.0,23.0
rpoN,21.0,20.0,22.0
rpoS,381.0,347.0,362.0
rpoZ,35.0,42.0,34.0
rpsA,1217.0,1216.0,1249.0
rpsB,127.0,135.0,117.0
rpsC,96.0,77.0,88.0
rpsD,514.0,520.0,552.0
rpsE,330.0,353.0,345.0
rpsF,45.0,51.0,62.0
rpsG,197.0,167.0,200.0
rpsH,67.0,62.0,93.0
rpsI,8.0,12.0,9.0
rpsJ,4.0,3.0,3.0
rpsK,533.0,429.0,517.0
rpsM,100.0,122.0,110.0
rpsN,389.0,389.0,413.0
rpsO,5.0,9.0,15.0
rpsP,4.0,4.0,3.0
rpsQ,94.0,106.0,104.0
rpsR,121.0,102.0,92.0
rpsS,48.0,42.0,54.0
rpsT,0.0,1.0,1.0
rpsU,32.0,23.0,20.0
rraA,24.0,43.0,44.0
rraB,35.0,8.0,14.0
rrfB,44193.0,44074.0,46384.0
rrmA,9.0,6.0,10.0
rrmJ,78.0,78.0,89.0
rsd,42.0,27.0,52.0
rseA,14.0,12.0,5.0
rseB,111.0,99.0,80.0
rseC,0.0,0.0,1.0
rseP,46.0,36.0,42.0
rsgA,3.0,6.0,10.0
rsmB,1.0,3.0,1.0
rsmC,1.0,4.0,4.0
rspA,3.0,0.0,4.0
rspB,5.0,5.0,6.0
rssA,35.0,28.0,32.0
rssB,2.0,3.0,1.0
rstA,40.0,39.0,34.0
rstB,11.0,9.0,13.0
rsuA,5.0,0.0,5.0
rsxA,10.0,12.0,4.0
rsxB,1.0,1.0,1.0
rsxC,16.0,11.0,22.0
rsxE,5.0,2.0,1.0
rtcA,0.0,0.0,0.0
rtcB,15.0,8.0,13.0
rtn,12.0,11.0,14.0
rumA,19.0,20.0,18.0
rutF,1.0,0.0,0.0
ruvA,21.0,12.0,22.0
ruvB,34.0,30.0,20.0
ruvC,0.0,0.0,0.0
rzpR,0.0,0.0,0.0
sanA,9.0,8.0,12.0
sapA,0.0,2.0,0.0
sapB,0.0,2.0,0.0
sapD,7.0,5.0,7.0
sapF,0.0,0.0,0.0
sbcB,16.0,13.0,14.0
sbcC,8.0,3.0,6.0
sbcD,5.0,2.0,7.0
sbmA,8.0,6.0,12.0
sbmC,23.0,15.0,12.0
sbp,6.0,10.0,9.0
sdaA,8.0,11.0,17.0
sdaB,37.0,36.0,30.0
sdaC,150.0,139.0,208.0
sdhA,1.0,0.0,0.0
sdhB,67.0,78.0,68.0
sdhC,462.0,474.0,456.0
sdhD,2.0,1.0,1.0
sdiA,28.0,23.0,22.0
secA,71.0,58.0,42.0
secB,60.0,44.0,49.0
secD,71.0,71.0,89.0
secF,10.0,10.0,14.0
secG,238.0,244.0,253.0
secM,15.0,10.0,11.0
secY,215.0,209.0,198.0
selA,2.0,4.0,6.0
selB,2.0,1.0,0.0
selD,3.0,6.0,12.0
seqA,6.0,7.0,6.0
serA,17.0,25.0,23.0
serB,0.0,2.0,1.0
serC,52.0,47.0,67.0
serS,45.0,46.0,43.0
serV,7126.0,6953.0,7639.0
setA,10.0,4.0,6.0
setB,0.0,1.0,0.0
setC,0.0,0.0,1.0
sfcA,75.0,51.0,61.0
sfmA,5.0,6.0,2.0
sfmC,4.0,7.0,5.0
sfmD,5.0,1.0,6.0
sfmF,2.0,1.0,8.0
sfmH,1.0,0.0,3.0
sfsA,14.0,9.0,10.0
sfsB,1.0,1.0,0.0
sgbE,0.0,2.0,0.0
sgbH,0.0,0.0,0.0
sgbU,4.0,7.0,5.0
sgcA,0.0,0.0,0.0
sgcB,2.0,1.0,2.0
sgcC,1.0,3.0,0.0
sgcE,5.0,0.0,4.0
sgcQ,0.0,0.0,0.0
sgcR,2.0,0.0,5.0
sgcX,1.0,0.0,0.0
sgrR,1.0,3.0,0.0
shiA,6.0,16.0,9.0
sieB,2.0,2.0,2.0
sirA,11.0,7.0,5.0
sixA,4.0,1.0,3.0
slp,2.0,1.0,5.0
slt,8.0,6.0,7.0
slyA,8.0,9.0,5.0
slyB,205.0,225.0,192.0
slyD,10.0,16.0,10.0
slyX,2.0,1.0,2.0
smf,7.0,4.0,3.0
smg,95.0,71.0,96.0
smpA,3.0,5.0,9.0
smpB,1.0,5.0,1.0
smtA,10.0,9.0,7.0
sodA,34.0,36.0,33.0
sodB,291.0,273.0,256.0
sodC,0.0,0.0,0.0
sohA,2.0,10.0,6.0
sohB,13.0,41.0,22.0
soxR,0.0,0.0,0.0
soxS,4.0,3.0,1.0
speA,138.0,127.0,131.0
speB,10.0,8.0,8.0
speC,15.0,13.0,14.0
speD,30.0,34.0,30.0
speE,5.0,18.0,7.0
speF,1.0,3.0,0.0
speG,16.0,17.0,21.0
spoT,84.0,66.0,97.0
spoU,0.0,1.0,0.0
sppA,2.0,9.0,5.0
spr,271.0,230.0,285.0
sprT,0.0,0.0,1.0
spy,1.0,6.0,2.0
sra,2.0,0.0,0.0
srlA,0.0,2.0,0.0
srlB,0.0,0.0,1.0
srlD,1.0,0.0,0.0
srlE,3.0,4.0,8.0
srlR,6.0,1.0,4.0
srmB,1.0,3.0,8.0
ssb,0.0,1.0,1.0
sscR,1.0,0.0,1.0
sseA,42.0,50.0,56.0
sseB,13.0,15.0,40.0
ssnA,0.0,0.0,1.0
sspB,1.0,4.0,0.0
sstT,45.0,42.0,45.0
ssuA,0.0,0.0,0.0
ssuC,0.0,2.0,0.0
ssuE,0.0,1.0,0.0
stfE,1.0,0.0,2.0
stfQ,2.0,4.0,1.0
stfR,3.0,3.0,1.0
sthA,120.0,96.0,97.0
stpA,2.0,1.0,3.0
sucA,2.0,4.0,0.0
sucB,17.0,23.0,19.0
sucC,294.0,298.0,347.0
sucD,8.0,8.0,5.0
sufA,6.0,2.0,1.0
sufB,5.0,1.0,4.0
sufC,16.0,8.0,10.0
sufD,11.0,3.0,7.0
sufE,1.0,1.0,1.0
sufI,0.0,0.0,2.0
sufS,6.0,5.0,5.0
suhB,77.0,67.0,82.0
sulA,23.0,24.0,21.0
surA,38.0,39.0,43.0
surE,0.0,0.0,1.0
sxy,0.0,0.0,0.0
syd,7.0,14.0,9.0
tadA,0.0,1.0,1.0
tag,4.0,2.0,9.0
talA,1.0,3.0,0.0
talB,109.0,101.0,107.0
tap,97.0,91.0,76.0
tar,321.0,311.0,319.0
tas,6.0,15.0,3.0
tatA,30.0,42.0,31.0
tatB,5.0,3.0,5.0
tatC,5.0,2.0,8.0
tatD,1.0,0.0,0.0
tatE,0.0,1.0,0.0
tauA,0.0,3.0,0.0
tauC,1.0,3.0,3.0
tauD,3.0,0.0,5.0
tbpA,0.0,2.0,0.0
tdcA,8.0,3.0,6.0
tdcB,5.0,2.0,4.0
tdcC,7.0,4.0,6.0
tdcD,2.0,0.0,0.0
tdcE,3.0,6.0,5.0
tdcF,1.0,0.0,2.0
tdcG,4.0,6.0,8.0
tdcR,1.0,0.0,2.0
tdh,17.0,20.0,20.0
tdk,6.0,3.0,1.0
tehA,3.0,1.0,2.0
tehB,13.0,7.0,6.0
tesA,1.0,0.0,4.0
tesB,0.0,0.0,0.0
tetR,214.0,245.0,238.0
tfaE,7.0,5.0,5.0
tfaS,1.0,0.0,0.0
tfaX,1.0,0.0,0.0
tff,2554.0,2616.0,2663.0
tgt,45.0,52.0,44.0
thiC,0.0,0.0,0.0
thiD,0.0,0.0,0.0
thiF,0.0,0.0,0.0
thiH,0.0,1.0,0.0
thiI,16.0,12.0,31.0
thiK,5.0,0.0,3.0
thiL,8.0,17.0,14.0
thiM,0.0,0.0,0.0
thiQ,0.0,0.0,0.0
thiS,0.0,1.0,0.0
thrA,26.0,16.0,24.0
thrB,2.0,1.0,3.0
thrC,4.0,4.0,2.0
thrS,95.0,67.0,76.0
thrU---thrToperon,48.0,41.0,26.0
thyA,28.0,11.0,23.0
tig,496.0,488.0,488.0
tilS,9.0,8.0,2.0
tktA,147.0,156.0,146.0
tktB,0.0,0.0,1.0
tldD,14.0,14.0,9.0
tmk,1.0,6.0,9.0
tnaA,3.0,2.0,4.0
tnaB,3.0,2.0,2.0
tnaC,0.0,1.0,0.0
tolA,30.0,23.0,24.0
tolB,101.0,71.0,73.0
tolC,65.0,53.0,48.0
tolQ,47.0,44.0,62.0
tolR,6.0,2.0,14.0
tonB,6.0,4.0,10.0
topA,38.0,55.0,67.0
topB,1.0,1.0,0.0
torA,7.0,2.0,12.0
torC,2.0,0.0,1.0
torD,1.0,0.0,0.0
torI,0.0,2.0,1.0
torR,0.0,1.0,1.0
torS,5.0,5.0,4.0
torT,4.0,2.0,0.0
torY,4.0,1.0,1.0
torZ,3.0,1.0,1.0
tpiA,41.0,21.0,38.0
tppB,89.0,94.0,68.0
tpr,1.0,0.0,0.0
tpx,34.0,50.0,29.0
tqsA,3.0,2.0,2.0
traY,6.0,10.0,16.0
treA,0.0,1.0,4.0
treB,7.0,5.0,1.0
treC,0.0,0.0,0.0
treF,0.0,0.0,0.0
treR,3.0,1.0,3.0
trg,144.0,205.0,188.0
trkA,2.0,3.0,8.0
trkD,7.0,4.0,0.0
trkG,2.0,10.0,14.0
trkH,3.0,6.0,6.0
trmA,8.0,16.0,5.0
trmD,15.0,26.0,19.0
trmI,19.0,10.0,15.0
trpB,1.0,1.0,3.0
trpC,0.0,5.0,0.0
trpD,3.0,1.0,2.0
trpE,3.0,4.0,5.0
trpH,0.0,1.0,0.0
trpR,1.0,0.0,3.0
trpS,14.0,33.0,31.0
truA,10.0,7.0,9.0
truB,3.0,2.0,3.0
truC,0.0,0.0,2.0
truD,7.0,8.0,19.0
trxB,3.0,1.0,1.0
trxC,7.0,13.0,8.0
tsf,3.0,4.0,4.0
tsgA,0.0,1.0,0.0
tsr,218.0,236.0,243.0
tsx,56.0,64.0,54.0
ttcA,8.0,11.0,15.0
ttdA,1.0,0.0,3.0
ttk,43.0,29.0,54.0
tufA,260.0,234.0,239.0
tufB,171.0,175.0,153.0
tus,1.0,0.0,2.0
tynA,0.0,5.0,5.0
tyrA,1.0,5.0,1.0
tyrB,3.0,12.0,10.0
tyrP,4.0,2.0,5.0
tyrR,12.0,6.0,11.0
tyrS,19.0,7.0,10.0
tyrT,37091.0,37900.0,39390.0
ubiA,13.0,7.0,11.0
ubiB,24.0,19.0,12.0
ubiC,0.0,0.0,0.0
ubiD,38.0,36.0,33.0
ubiE,6.0,2.0,3.0
ubiF,0.0,1.0,1.0
ubiG,0.0,0.0,0.0
ubiH,0.0,2.0,1.0
ubiX,6.0,4.0,6.0
ucpA,6.0,2.0,3.0
udk,7.0,2.0,5.0
udp,195.0,182.0,214.0
ugd,3.0,1.0,0.0
ugpA,1.0,10.0,0.0
ugpB,1.0,2.0,1.0
ugpQ,8.0,6.0,4.0
uhpA,2.0,1.0,4.0
uhpB,1.0,0.0,0.0
uhpC,0.0,0.0,0.0
uhpT,5.0,1.0,4.0
uidB,9.0,16.0,16.0
uidC,46.0,49.0,36.0
uidR,0.0,2.0,0.0
ulaA,0.0,0.0,4.0
ulaB,0.0,0.0,1.0
ulaC,0.0,0.0,0.0
ulaD,0.0,1.0,0.0
ulaE,7.0,9.0,7.0
ulaF,1.0,0.0,1.0
ulaG,1.0,1.0,3.0
ulaR,5.0,6.0,4.0
umuC,2.0,0.0,2.0
umuD,0.0,0.0,1.0
ung,0.0,1.0,0.0
upp,5.0,0.0,0.0
uraA,18.0,15.0,28.0
usg,1.0,1.0,6.0
ushA,14.0,14.0,11.0
uspA,12.0,27.0,16.0
uspB,1.0,5.0,1.0
uspE,23.0,23.0,14.0
uspF,17.0,18.0,7.0
uspG,8.0,1.0,6.0
uup,16.0,20.0,19.0
uvrA,8.0,15.0,1.0
uvrB,9.0,5.0,10.0
uvrC,3.0,9.0,5.0
uvrD,0.0,0.0,0.0
uvrY,20.0,19.0,15.0
uxaA,0.0,1.0,0.0
uxaB,4.0,5.0,6.0
uxaC,42.0,25.0,29.0
uxuA,7.0,8.0,9.0
uxuB,0.0,5.0,1.0
uxuR,4.0,3.0,4.0
vacJ,1.0,1.0,2.0
valS,100.0,111.0,121.0
vapC,32.0,24.0,38.0
viaA,1.0,1.0,0.0
visC,17.0,11.0,13.0
vsr,0.0,1.0,0.0
wbbH,16.0,14.0,33.0
wbbI,45.0,54.0,54.0
wbbJ,8.0,12.0,7.0
wbbK,35.0,27.0,36.0
wbbL,11.0,21.0,15.0
wcaA,0.0,1.0,0.0
wcaC,0.0,1.0,0.0
wcaD,4.0,1.0,2.0
wcaE,2.0,1.0,5.0
wcaF,0.0,0.0,0.0
wcaI,1.0,1.0,2.0
wcaJ,2.0,2.0,5.0
wcaK,0.0,0.0,0.0
wcaL,0.0,1.0,0.0
wcaM,2.0,4.0,5.0
wrbA,1.0,0.0,0.0
wza,0.0,6.0,0.0
wzc,3.0,0.0,1.0
wzxC,1.0,0.0,3.0
wzxE,4.0,1.0,2.0
wzyE,0.0,3.0,0.0
xapA,1.0,2.0,2.0
xapB,2.0,6.0,1.0
xapR,2.0,4.0,1.0
xdhA,13.0,5.0,2.0
xdhB,2.0,0.0,1.0
xdhC,1.0,0.0,0.0
xdhD,4.0,1.0,3.0
xerC,22.0,10.0,25.0
xerD,15.0,10.0,17.0
xni,28.0,9.0,26.0
xseA,5.0,4.0,1.0
xthA,5.0,5.0,6.0
xylA,4.0,12.0,2.0
xylB,4.0,0.0,3.0
xylE,0.0,3.0,1.0
xylF,10.0,12.0,19.0
xylG,5.0,15.0,14.0
xylH,0.0,0.0,0.0
xylR,1.0,3.0,0.0
yaaA,9.0,11.0,11.0
yaaH,1.0,5.0,0.0
yaaI,1.0,2.0,1.0
yaaJ,0.0,1.0,4.0
yaaU,2.0,1.0,4.0
yaaW,0.0,0.0,2.0
yaaX,2.0,0.0,1.0
yabI,7.0,5.0,7.0
yabP,19.0,17.0,30.0
yacF,7.0,11.0,8.0
yacG,0.0,0.0,0.0
yacH,1.0,0.0,0.0
yacL,1.0,1.0,0.0
yadB,0.0,1.0,3.0
yadC,2.0,2.0,5.0
yadD,15.0,1.0,7.0
yadE,1.0,2.0,1.0
yadG,29.0,11.0,13.0
yadH,6.0,10.0,8.0
yadI,3.0,2.0,0.0
yadK,2.0,2.0,4.0
yadL,3.0,6.0,5.0
yadM,4.0,2.0,7.0
yadN,2.0,2.0,2.0
yadR,13.0,12.0,24.0
yadS,0.0,0.0,0.0
yaeB,1.0,0.0,0.0
yaeF,6.0,6.0,3.0
yaeH,7.0,2.0,8.0
yaeI,0.0,9.0,1.0
yaeJ,0.0,0.0,0.0
yaeP,0.0,0.0,0.0
yaeQ,1.0,6.0,7.0
yaeR,1.0,2.0,1.0
yafC,0.0,3.0,4.0
yafD,7.0,4.0,0.0
yafE,2.0,3.0,4.0
yafF,2.0,2.0,1.0
yafJ,0.0,0.0,0.0
yafK,12.0,7.0,23.0
yafL,4.0,4.0,5.0
yafM,1.0,2.0,2.0
yafN,1.0,1.0,0.0
yafO,5.0,12.0,11.0
yafP,1.0,0.0,3.0
yafQ,4.0,4.0,6.0
yafS,3.0,7.0,7.0
yafT,0.0,8.0,5.0
yafU,0.0,3.0,1.0
yafV,0.0,1.0,0.0
yafW,1.0,0.0,0.0
yafX,0.0,0.0,0.0
yafY,0.0,0.0,2.0
yafZ,0.0,0.0,0.0
yagB,8.0,0.0,2.0
yagE,0.0,0.0,1.0
yagH,0.0,0.0,1.0
yagJ,2.0,4.0,8.0
yagK,3.0,5.0,5.0
yagL,2.0,4.0,2.0
yagM,3.0,4.0,4.0
yagN,3.0,5.0,0.0
yagP,0.0,2.0,1.0
yagR,0.0,0.0,0.0
yagS,0.0,0.0,1.0
yagT,0.0,1.0,0.0
yagU,2.0,8.0,7.0
yagV,5.0,1.0,1.0
yagW,1.0,0.0,1.0
yagX,3.0,2.0,0.0
yagY,0.0,0.0,0.0
yagZ,2.0,1.0,1.0
yahA,4.0,8.0,1.0
yahB,1.0,0.0,0.0
yahC,2.0,3.0,0.0
yahD,7.0,6.0,7.0
yahE,4.0,9.0,2.0
yahF,0.0,0.0,0.0
yahG,0.0,0.0,0.0
yahH,7.0,4.0,3.0
yahI,2.0,5.0,2.0
yahJ,0.0,1.0,0.0
yahK,11.0,9.0,7.0
yahL,0.0,7.0,1.0
yahM,3.0,3.0,2.0
yahN,4.0,1.0,2.0
yahO,0.0,1.0,1.0
yaiA,0.0,1.0,0.0
yaiC,1.0,0.0,2.0
yaiE,3.0,1.0,1.0
yaiI,0.0,0.0,0.0
yaiL,10.0,6.0,17.0
yaiO,2.0,0.0,0.0
yaiP,0.0,0.0,0.0
yaiS,0.0,1.0,1.0
yaiT,11.0,13.0,14.0
yaiV,1.0,1.0,2.0
yaiW,2.0,9.0,1.0
yaiX,2.0,3.0,8.0
yaiZ,6.0,3.0,5.0
yajC,80.0,106.0,91.0
yajD,5.0,4.0,10.0
yajG,0.0,2.0,0.0
yajI,2.0,0.0,0.0
yajL,1.0,2.0,0.0
yajO,2.0,0.0,1.0
yajQ,6.0,5.0,8.0
yajR,5.0,8.0,4.0
ybaA,2.0,0.0,2.0
ybaB,13.0,10.0,13.0
ybaE,1.0,2.0,0.0
ybaJ,0.0,1.0,2.0
ybaK,0.0,0.0,0.0
ybaL,0.0,1.0,0.0
ybaM,1.0,2.0,5.0
ybaN,1.0,0.0,2.0
ybaP,0.0,1.0,1.0
ybaQ,10.0,12.0,14.0
ybaS,3.0,3.0,1.0
ybaT,1.0,7.0,1.0
ybaW,3.0,1.0,1.0
ybaY,6.0,0.0,6.0
ybaZ,15.0,9.0,14.0
ybbA,1.0,0.0,1.0
ybbB,1.0,0.0,0.0
ybbC,4.0,0.0,0.0
ybbD,1.0,0.0,1.0
ybbJ,1.0,0.0,0.0
ybbK,4.0,4.0,4.0
ybbL,11.0,16.0,11.0
ybbM,3.0,1.0,1.0
ybbN,2.0,0.0,0.0
ybbO,5.0,3.0,9.0
ybbP,5.0,0.0,0.0
ybbS,0.0,0.0,0.0
ybbV,1.0,4.0,4.0
ybbW,0.0,1.0,0.0
ybbY,0.0,0.0,0.0
ybcH,2.0,0.0,0.0
ybcI,0.0,0.0,0.0
ybcJ,2.0,0.0,0.0
ybcK,2.0,5.0,4.0
ybcL,5.0,5.0,6.0
ybcM,3.0,2.0,9.0
ybcN,1.0,0.0,1.0
ybcO,1.0,0.0,0.0
ybcQ,1.0,1.0,0.0
ybcS,3.0,2.0,0.0
ybcY,4.0,3.0,4.0
ybdA,0.0,0.0,2.0
ybdB,0.0,1.0,0.0
ybdD,14.0,17.0,8.0
ybdF,0.0,0.0,0.0
ybdG,3.0,6.0,1.0
ybdH,0.0,0.0,0.0
ybdK,0.0,1.0,0.0
ybdL,1.0,0.0,0.0
ybdM,2.0,0.0,0.0
ybdN,0.0,0.0,1.0
ybdO,3.0,2.0,0.0
ybdR,4.0,2.0,6.0
ybdZ,0.0,0.0,2.0
ybeB,0.0,0.0,0.0
ybeD,19.0,18.0,21.0
ybeF,0.0,1.0,4.0
ybeL,0.0,0.0,0.0
ybeM,0.0,0.0,1.0
ybeQ,0.0,1.0,0.0
ybeR,0.0,0.0,1.0
ybeT,1.0,2.0,1.0
ybeU,2.0,3.0,9.0
ybeX,131.0,105.0,133.0
ybeY,21.0,19.0,36.0
ybeZ,9.0,17.0,20.0
ybfA,0.0,0.0,1.0
ybfB,1.0,0.0,0.0
ybfC,2.0,0.0,0.0
ybfD,4.0,7.0,9.0
ybfE,2.0,4.0,1.0
ybfF,5.0,4.0,0.0
ybfG,2.0,3.0,2.0
ybfL,2.0,5.0,3.0
ybfM,1.0,3.0,7.0
ybfN,0.0,2.0,0.0
ybfO,2.0,6.0,1.0
ybfP,4.0,6.0,4.0
ybfQ,5.0,7.0,1.0
ybgA,1.0,0.0,0.0
ybgC,6.0,3.0,1.0
ybgD,1.0,0.0,1.0
ybgE,0.0,0.0,0.0
ybgF,49.0,45.0,55.0
ybgH,6.0,2.0,6.0
ybgI,1.0,1.0,0.0
ybgJ,0.0,1.0,1.0
ybgK,0.0,1.0,0.0
ybgL,2.0,0.0,1.0
ybgO,6.0,1.0,3.0
ybgP,0.0,2.0,2.0
ybgQ,2.0,3.0,1.0
ybgS,1.0,1.0,1.0
ybgT,0.0,0.0,0.0
ybhA,6.0,6.0,10.0
ybhB,8.0,0.0,5.0
ybhC,3.0,3.0,2.0
ybhD,1.0,4.0,2.0
ybhF,2.0,0.0,1.0
ybhH,3.0,1.0,6.0
ybhI,1.0,1.0,3.0
ybhJ,0.0,0.0,2.0
ybhK,7.0,10.0,7.0
ybhL,3.0,2.0,2.0
ybhM,4.0,2.0,4.0
ybhN,3.0,1.0,0.0
ybhO,2.0,2.0,3.0
ybhP,0.0,0.0,0.0
ybhR,2.0,3.0,1.0
ybhT,8.0,3.0,3.0
ybiA,1.0,1.0,2.0
ybiB,0.0,0.0,1.0
ybiC,22.0,21.0,22.0
ybiH,0.0,0.0,0.0
ybiI,0.0,0.0,0.0
ybiJ,0.0,1.0,0.0
ybiN,5.0,4.0,4.0
ybiO,0.0,1.0,0.0
ybiP,0.0,3.0,6.0
ybiR,1.0,3.0,4.0
ybiS,21.0,24.0,7.0
ybiT,7.0,9.0,5.0
ybiU,0.0,1.0,0.0
ybiV,1.0,3.0,5.0
ybiW,1.0,0.0,2.0
ybiX,1.0,3.0,1.0
ybiY,0.0,0.0,0.0
ybjC,4.0,0.0,2.0
ybjD,3.0,4.0,2.0
ybjE,2.0,2.0,2.0
ybjG,0.0,0.0,0.0
ybjH,1.0,0.0,1.0
ybjI,2.0,2.0,6.0
ybjJ,0.0,0.0,0.0
ybjK,0.0,1.0,1.0
ybjL,8.0,5.0,0.0
ybjN,14.0,24.0,13.0
ybjO,2.0,2.0,4.0
ybjP,1.0,0.0,0.0
ybjR,0.0,0.0,0.0
ybjS,2.0,1.0,4.0
ybjT,0.0,0.0,0.0
ybjX,58.0,52.0,49.0
ycaC,3.0,0.0,2.0
ycaD,0.0,0.0,2.0
ycaI,1.0,1.0,0.0
ycaJ,13.0,5.0,11.0
ycaK,5.0,3.0,6.0
ycaL,12.0,9.0,2.0
ycaM,16.0,7.0,20.0
ycaN,1.0,0.0,2.0
ycaO,21.0,9.0,21.0
ycaP,7.0,16.0,13.0
ycaQ,1.0,1.0,3.0
ycaR,2.0,4.0,3.0
ycbB,0.0,4.0,1.0
ycbC,0.0,2.0,1.0
ycbF,2.0,1.0,2.0
ycbG,8.0,10.0,13.0
ycbJ,17.0,22.0,14.0
ycbK,65.0,61.0,78.0
ycbL,0.0,1.0,0.0
ycbQ,9.0,3.0,3.0
ycbR,6.0,4.0,6.0
ycbS,7.0,0.0,2.0
ycbT,9.0,3.0,5.0
ycbU,0.0,0.0,0.0
ycbV,0.0,0.0,0.0
ycbW,21.0,13.0,20.0
ycbX,3.0,0.0,0.0
ycbZ,21.0,22.0,28.0
yccA,47.0,48.0,47.0
yccE,5.0,7.0,5.0
yccF,1.0,11.0,4.0
yccJ,21.0,29.0,43.0
yccK,5.0,4.0,3.0
yccM,2.0,1.0,2.0
yccS,8.0,8.0,14.0
yccT,0.0,0.0,2.0
yccW,10.0,11.0,10.0
yccX,1.0,1.0,0.0
yccZ,4.0,0.0,3.0
ycdB,1.0,3.0,2.0
ycdC,1.0,1.0,0.0
ycdG,1.0,1.0,0.0
ycdI,0.0,0.0,1.0
ycdK,0.0,0.0,0.0
ycdM,1.0,1.0,0.0
ycdO,6.0,7.0,9.0
ycdT,4.0,1.0,3.0
ycdU,3.0,1.0,1.0
ycdW,13.0,18.0,5.0
ycdX,3.0,2.0,4.0
ycdY,10.0,21.0,12.0
ycdZ,76.0,79.0,61.0
yceA,16.0,10.0,17.0
yceB,3.0,0.0,1.0
yceD,31.0,30.0,25.0
yceF,0.0,3.0,1.0
yceG,6.0,15.0,13.0
yceH,12.0,14.0,15.0
yceI,15.0,9.0,9.0
yceJ,0.0,0.0,0.0
yceN,0.0,0.0,2.0
yceO,3.0,0.0,0.0
yceQ,2.0,0.0,0.0
ycfD,12.0,19.0,16.0
ycfH,21.0,15.0,15.0
ycfJ,1.0,0.0,0.0
ycfK,0.0,0.0,0.0
ycfL,3.0,4.0,4.0
ycfM,2.0,5.0,2.0
ycfP,9.0,24.0,11.0
ycfQ,7.0,11.0,4.0
ycfS,19.0,19.0,14.0
ycfT,1.0,1.0,0.0
ycfZ,1.0,1.0,0.0
ycgB,11.0,2.0,4.0
ycgE,23.0,30.0,25.0
ycgF,5.0,2.0,2.0
ycgG,3.0,4.0,4.0
ycgH,11.0,5.0,7.0
ycgI,0.0,0.0,1.0
ycgJ,4.0,0.0,1.0
ycgK,3.0,2.0,0.0
ycgL,9.0,3.0,6.0
ycgM,0.0,0.0,0.0
ycgN,2.0,6.0,1.0
ycgR,10.0,5.0,6.0
ycgV,5.0,1.0,1.0
ycgX,0.0,0.0,2.0
ycgY,3.0,3.0,1.0
ycgZ,1.0,1.0,3.0
ychA,13.0,15.0,15.0
ychE,1.0,6.0,2.0
ychF,24.0,22.0,43.0
ychG,0.0,2.0,2.0
ychH,2.0,0.0,0.0
ychJ,11.0,1.0,11.0
ychN,2.0,0.0,3.0
ychO,4.0,1.0,4.0
ychQ,7.0,3.0,6.0
yciA,3.0,2.0,3.0
yciB,19.0,13.0,25.0
yciC,5.0,0.0,0.0
yciE,1.0,6.0,3.0
yciF,5.0,6.0,2.0
yciG,0.0,0.0,0.0
yciH,0.0,0.0,1.0
yciI,4.0,2.0,8.0
yciK,0.0,3.0,0.0
yciM,10.0,6.0,8.0
yciN,2.0,0.0,0.0
yciQ,5.0,3.0,9.0
yciS,1.0,2.0,2.0
yciT,10.0,10.0,15.0
yciU,0.0,0.0,0.0
yciW,10.0,1.0,11.0
yciX,47.0,52.0,41.0
ycjD,4.0,3.0,5.0
ycjF,7.0,3.0,1.0
ycjG,7.0,4.0,12.0
ycjM,2.0,1.0,6.0
ycjN,0.0,1.0,5.0
ycjO,0.0,0.0,0.0
ycjQ,0.0,0.0,0.0
ycjR,2.0,3.0,3.0
ycjS,1.0,3.0,3.0
ycjT,9.0,1.0,14.0
ycjU,0.0,0.0,0.0
ycjV,0.0,2.0,5.0
ycjW,3.0,8.0,1.0
ycjX,5.0,6.0,5.0
ycjY,2.0,3.0,5.0
ycjZ,0.0,5.0,4.0
ydaC,0.0,1.0,0.0
ydaE,1.0,2.0,4.0
ydaG,1.0,1.0,3.0
ydaM,1.0,0.0,0.0
ydaN,7.0,3.0,2.0
ydaQ,0.0,0.0,0.0
ydaS,0.0,2.0,5.0
ydaT,0.0,0.0,0.0
ydaU,1.0,0.0,4.0
ydaY,11.0,5.0,1.0
ydbA,9.0,17.0,18.0
ydbC,12.0,5.0,9.0
ydbD,3.0,3.0,3.0
ydbH,13.0,8.0,6.0
ydbJ,6.0,2.0,2.0
ydbK,6.0,2.0,8.0
ydbL,7.0,5.0,7.0
ydcA,1.0,4.0,3.0
ydcC,8.0,5.0,8.0
ydcD,5.0,1.0,3.0
ydcE,2.0,4.0,1.0
ydcF,10.0,6.0,3.0
ydcH,5.0,2.0,5.0
ydcI,21.0,18.0,36.0
ydcJ,4.0,0.0,6.0
ydcK,0.0,0.0,4.0
ydcL,11.0,11.0,18.0
ydcM,8.0,0.0,6.0
ydcN,3.0,5.0,3.0
ydcO,1.0,0.0,0.0
ydcP,2.0,14.0,7.0
ydcQ,10.0,10.0,11.0
ydcR,9.0,7.0,14.0
ydcS,1.0,1.0,2.0
ydcT,2.0,1.0,1.0
ydcU,2.0,3.0,0.0
ydcV,0.0,0.0,0.0
ydcW,20.0,17.0,26.0
ydcX,0.0,0.0,0.0
ydcY,0.0,0.0,1.0
ydcZ,1.0,0.0,1.0
yddA,4.0,7.0,5.0
yddB,5.0,3.0,1.0
yddE,0.0,0.0,0.0
yddG,1.0,1.0,3.0
yddH,0.0,0.0,0.0
yddJ,0.0,0.0,0.0
yddK,1.0,0.0,2.0
yddL,0.0,0.0,1.0
yddM,1.0,0.0,1.0
yddV,13.0,4.0,6.0
yddW,4.0,10.0,7.0
ydeA,4.0,8.0,0.0
ydeE,4.0,6.0,6.0
ydeH,9.0,0.0,2.0
ydeI,1.0,1.0,2.0
ydeJ,3.0,2.0,2.0
ydeK,9.0,3.0,5.0
ydeM,2.0,1.0,3.0
ydeN,11.0,7.0,15.0
ydeO,1.0,0.0,4.0
ydeP,2.0,4.0,3.0
ydeQ,1.0,2.0,0.0
ydeR,4.0,6.0,2.0
ydeS,3.0,2.0,0.0
ydeT,4.0,0.0,0.0
ydeU,1.0,0.0,3.0
ydfA,0.0,0.0,0.0
ydfB,0.0,0.0,0.0
ydfC,0.0,0.0,1.0
ydfD,0.0,0.0,0.0
ydfE,2.0,5.0,4.0
ydfG,18.0,20.0,19.0
ydfH,1.0,9.0,0.0
ydfI,1.0,1.0,0.0
ydfJ,4.0,7.0,1.0
ydfK,5.0,13.0,23.0
ydfO,0.0,1.0,1.0
ydfP,1.0,2.0,1.0
ydfQ,0.0,0.0,0.0
ydfR,0.0,0.0,0.0
ydfT,2.0,0.0,3.0
ydfU,0.0,1.0,0.0
ydfV,0.0,0.0,0.0
ydfW,0.0,2.0,1.0
ydfX,0.0,0.0,0.0
ydfZ,0.0,0.0,0.0
ydgA,15.0,5.0,10.0
ydgC,0.0,2.0,3.0
ydgD,10.0,5.0,1.0
ydgH,16.0,13.0,13.0
ydgJ,2.0,5.0,3.0
ydgK,1.0,1.0,0.0
ydgT,0.0,0.0,0.0
ydhA,2.0,2.0,3.0
ydhB,0.0,8.0,4.0
ydhC,0.0,4.0,2.0
ydhF,2.0,7.0,8.0
ydhI,1.0,0.0,0.0
ydhJ,18.0,5.0,15.0
ydhK,1.0,4.0,1.0
ydhM,0.0,0.0,0.0
ydhO,9.0,7.0,18.0
ydhP,0.0,0.0,0.0
ydhQ,15.0,17.0,28.0
ydhR,5.0,2.0,4.0
ydhS,0.0,1.0,0.0
ydhT,0.0,0.0,0.0
ydhU,1.0,1.0,1.0
ydhV,1.0,1.0,0.0
ydhW,2.0,2.0,3.0
ydhX,0.0,0.0,2.0
ydhY,0.0,2.0,1.0
ydhZ,0.0,13.0,5.0
ydiA,5.0,14.0,11.0
ydiB,5.0,5.0,3.0
ydiF,0.0,2.0,0.0
ydiH,7.0,6.0,5.0
ydiI,35.0,36.0,48.0
ydiJ,14.0,18.0,22.0
ydiK,6.0,3.0,3.0
ydiL,0.0,0.0,1.0
ydiM,2.0,1.0,3.0
ydiN,1.0,4.0,6.0
ydiO,7.0,5.0,3.0
ydiP,7.0,3.0,2.0
ydiQ,5.0,1.0,3.0
ydiR,2.0,0.0,2.0
ydiS,1.0,1.0,1.0
ydiT,0.0,1.0,0.0
ydiU,6.0,7.0,11.0
ydiV,5.0,1.0,2.0
ydiY,21.0,7.0,7.0
ydiZ,2.0,1.0,1.0
ydjA,7.0,10.0,6.0
ydjE,10.0,5.0,1.0
ydjF,6.0,7.0,8.0
ydjG,6.0,5.0,2.0
ydjH,1.0,3.0,0.0
ydjI,6.0,5.0,6.0
ydjJ,1.0,4.0,1.0
ydjK,5.0,6.0,8.0
ydjL,3.0,3.0,3.0
ydjN,102.0,97.0,68.0
ydjO,3.0,3.0,1.0
ydjR,47.0,40.0,22.0
ydjX,0.0,2.0,0.0
ydjY,5.0,8.0,2.0
ydjZ,8.0,6.0,3.0
yeaB,0.0,0.0,0.0
yeaC,108.0,88.0,88.0
yeaD,82.0,59.0,54.0
yeaE,1.0,3.0,2.0
yeaG,11.0,11.0,13.0
yeaH,4.0,1.0,3.0
yeaI,0.0,0.0,0.0
yeaJ,1.0,1.0,3.0
yeaK,15.0,14.0,24.0
yeaL,0.0,0.0,1.0
yeaM,9.0,6.0,3.0
yeaN,0.0,0.0,1.0
yeaP,11.0,6.0,9.0
yeaQ,3.0,2.0,0.0
yeaR,5.0,3.0,0.0
yeaS,3.0,16.0,7.0
yeaT,11.0,3.0,8.0
yeaV,3.0,1.0,0.0
yeaW,0.0,0.0,0.0
yeaX,2.0,3.0,6.0
yeaY,15.0,22.0,25.0
yeaZ,0.0,0.0,0.0
yebA,30.0,29.0,18.0
yebB,1.0,1.0,0.0
yebC,26.0,28.0,21.0
yebE,0.0,0.0,0.0
yebF,1.0,5.0,1.0
yebG,4.0,24.0,13.0
yebK,12.0,29.0,23.0
yebN,0.0,4.0,5.0
yebO,10.0,4.0,2.0
yebQ,1.0,2.0,2.0
yebR,11.0,9.0,16.0
yebS,4.0,7.0,8.0
yebT,5.0,11.0,17.0
yebU,1.0,5.0,4.0
yebV,1.0,2.0,2.0
yebW,0.0,1.0,3.0
yebY,1.0,5.0,0.0
yebZ,0.0,0.0,0.0
yecA,0.0,0.0,1.0
yecC,19.0,11.0,5.0
yecD,3.0,10.0,7.0
yecF,0.0,1.0,1.0
yecG,6.0,6.0,5.0
yecH,0.0,1.0,0.0
yecI,33.0,20.0,28.0
yecJ,7.0,8.0,8.0
yecM,5.0,4.0,0.0
yecN,0.0,0.0,2.0
yecO,2.0,7.0,9.0
yecP,4.0,5.0,9.0
yecR,20.0,37.0,38.0
yecS,18.0,6.0,13.0
yecT,6.0,10.0,5.0
yedA,1.0,3.0,2.0
yedD,21.0,15.0,18.0
yedE,1.0,1.0,4.0
yedI,12.0,7.0,5.0
yedJ,2.0,0.0,2.0
yedK,1.0,0.0,0.0
yedL,1.0,0.0,0.0
yedM,0.0,2.0,6.0
yedN,0.0,1.0,3.0
yedP,2.0,0.0,0.0
yedQ,5.0,9.0,4.0
yedR,0.0,0.0,0.0
yedS,3.0,6.0,4.0
yedV,5.0,8.0,0.0
yedW,9.0,13.0,13.0
yedX,0.0,2.0,6.0
yedY,0.0,0.0,0.0
yedZ,2.0,1.0,0.0
yeeA,4.0,10.0,10.0
yeeD,18.0,15.0,16.0
yeeE,47.0,57.0,55.0
yeeF,16.0,23.0,28.0
yeeI,120.0,104.0,94.0
yeeJ,0.0,2.0,1.0
yeeL,5.0,1.0,7.0
yeeN,2.0,16.0,14.0
yeeO,0.0,1.0,3.0
yeeP,0.0,0.0,0.0
yeeR,6.0,0.0,1.0
yeeS,0.0,1.0,0.0
yeeV,1.0,0.0,0.0
yeeW,1.0,0.0,0.0
yeeX,10.0,12.0,7.0
yeeY,5.0,11.0,3.0
yeeZ,3.0,7.0,6.0
yefM,13.0,8.0,4.0
yegD,0.0,0.0,0.0
yegE,4.0,3.0,10.0
yegH,2.0,2.0,3.0
yegI,0.0,0.0,3.0
yegJ,3.0,3.0,2.0
yegK,1.0,2.0,1.0
yegL,1.0,4.0,6.0
yegP,0.0,1.0,0.0
yegQ,5.0,2.0,1.0
yegR,1.0,3.0,3.0
yegS,0.0,1.0,2.0
yegT,14.0,12.0,10.0
yegU,2.0,0.0,0.0
yegV,0.0,2.0,0.0
yegW,6.0,8.0,7.0
yegX,2.0,2.0,0.0
yegZ,1.0,3.0,0.0
yehA,4.0,1.0,5.0
yehB,0.0,2.0,1.0
yehC,2.0,0.0,8.0
yehD,4.0,2.0,3.0
yehE,1.0,2.0,0.0
yehI,1.0,2.0,0.0
yehK,0.0,0.0,0.0
yehL,0.0,0.0,0.0
yehM,1.0,0.0,0.0
yehP,0.0,1.0,1.0
yehQ,1.0,2.0,0.0
yehR,0.0,7.0,6.0
yehS,14.0,6.0,5.0
yehT,20.0,34.0,36.0
yehU,4.0,3.0,11.0
yehW,5.0,4.0,0.0
yehX,0.0,0.0,0.0
yehY,1.0,4.0,1.0
yehZ,1.0,8.0,7.0
yeiA,2.0,5.0,1.0
yeiB,0.0,0.0,0.0
yeiC,10.0,7.0,3.0
yeiE,0.0,0.0,1.0
yeiG,0.0,0.0,0.0
yeiH,1.0,5.0,2.0
yeiI,3.0,1.0,4.0
yeiJ,1.0,3.0,2.0
yeiL,3.0,0.0,2.0
yeiM,0.0,6.0,0.0
yeiN,6.0,2.0,5.0
yeiP,19.0,6.0,16.0
yeiQ,16.0,15.0,33.0
yeiR,0.0,0.0,0.0
yeiS,0.0,1.0,0.0
yeiT,4.0,3.0,4.0
yeiU,7.0,7.0,7.0
yejA,2.0,2.0,5.0
yejB,1.0,1.0,3.0
yejE,3.0,1.0,4.0
yejF,0.0,1.0,0.0
yejG,0.0,0.0,0.0
yejH,0.0,2.0,1.0
yejK,29.0,26.0,7.0
yejM,6.0,12.0,9.0
yejO,1.0,4.0,3.0
yfaA,7.0,2.0,2.0
yfaD,3.0,9.0,4.0
yfaH,1.0,2.0,0.0
yfaL,2.0,0.0,3.0
yfaP,0.0,4.0,2.0
yfaQ,0.0,2.0,0.0
yfaS,2.0,5.0,6.0
yfaT,3.0,0.0,4.0
yfaU,0.0,0.0,0.0
yfaV,0.0,2.0,3.0
yfaW,1.0,0.0,0.0
yfaX,2.0,0.0,2.0
yfaY,0.0,0.0,2.0
yfaZ,0.0,0.0,3.0
yfbB,1.0,2.0,1.0
yfbH,2.0,0.0,0.0
yfbJ,0.0,1.0,1.0
yfbK,3.0,4.0,7.0
yfbL,1.0,3.0,1.0
yfbM,2.0,2.0,0.0
yfbN,3.0,2.0,4.0
yfbO,0.0,0.0,0.0
yfbP,3.0,14.0,3.0
yfbQ,31.0,47.0,37.0
yfbR,0.0,1.0,1.0
yfbS,6.0,5.0,2.0
yfbT,8.0,11.0,8.0
yfbU,5.0,7.0,21.0
yfbV,1.0,0.0,0.0
yfbW,0.0,0.0,0.0
yfcA,0.0,3.0,0.0
yfcC,2.0,1.0,0.0
yfcD,1.0,2.0,1.0
yfcE,0.0,2.0,3.0
yfcF,1.0,1.0,1.0
yfcG,2.0,1.0,5.0
yfcH,7.0,0.0,0.0
yfcI,0.0,1.0,1.0
yfcJ,1.0,1.0,0.0
yfcL,1.0,1.0,0.0
yfcM,1.0,2.0,2.0
yfcO,10.0,7.0,4.0
yfcP,1.0,0.0,1.0
yfcQ,0.0,0.0,0.0
yfcR,1.0,2.0,1.0
yfcS,2.0,1.0,1.0
yfcU,0.0,3.0,4.0
yfcV,3.0,6.0,7.0
yfcY,2.0,3.0,2.0
yfcZ,0.0,0.0,1.0
yfdC,1.0,0.0,1.0
yfdE,3.0,1.0,0.0
yfdF,8.0,0.0,3.0
yfdG,6.0,10.0,4.0
yfdH,39.0,30.0,36.0
yfdI,10.0,5.0,4.0
yfdK,0.0,12.0,3.0
yfdL,1.0,2.0,0.0
yfdM,0.0,0.0,0.0
yfdN,0.0,0.0,0.0
yfdO,0.0,1.0,0.0
yfdP,1.0,0.0,0.0
yfdQ,5.0,5.0,6.0
yfdR,2.0,1.0,1.0
yfdS,4.0,0.0,1.0
yfdT,0.0,0.0,0.0
yfdV,2.0,3.0,0.0
yfdX,2.0,3.0,2.0
yfdY,2.0,0.0,0.0
yfdZ,0.0,0.0,0.0
yfeA,8.0,0.0,2.0
yfeC,13.0,4.0,3.0
yfeD,1.0,0.0,1.0
yfeG,1.0,1.0,0.0
yfeH,2.0,1.0,3.0
yfeK,0.0,0.0,1.0
yfeN,0.0,0.0,3.0
yfeO,0.0,0.0,1.0
yfeR,0.0,0.0,0.0
yfeS,7.0,1.0,6.0
yfeT,6.0,6.0,9.0
yfeU,2.0,1.0,1.0
yfeW,2.0,1.0,3.0
yfeX,0.0,0.0,0.0
yfeY,1.0,7.0,4.0
yfeZ,0.0,0.0,0.0
yffB,0.0,0.0,4.0
yffI,1.0,0.0,0.0
yffL,0.0,0.0,1.0
yffM,0.0,0.0,0.0
yffN,1.0,0.0,0.0
yffO,2.0,1.0,1.0
yffP,3.0,0.0,0.0
yffQ,1.0,3.0,6.0
yffR,1.0,0.0,1.0
yffS,3.0,1.0,3.0
yfgA,2.0,13.0,10.0
yfgB,17.0,18.0,20.0
yfgC,5.0,6.0,8.0
yfgD,15.0,16.0,13.0
yfgF,2.0,2.0,2.0
yfgH,1.0,3.0,2.0
yfgI,6.0,3.0,6.0
yfgJ,0.0,0.0,0.0
yfgL,6.0,22.0,23.0
yfgM,15.0,19.0,22.0
yfhA,11.0,4.0,8.0
yfhB,0.0,0.0,0.0
yfhD,0.0,4.0,0.0
yfhG,0.0,0.0,0.0
yfhH,2.0,0.0,2.0
yfhJ,5.0,2.0,9.0
yfhK,0.0,2.0,0.0
yfhL,8.0,12.0,1.0
yfhM,9.0,13.0,6.0
yfhQ,13.0,6.0,7.0
yfhR,0.0,0.0,0.0
yfiB,7.0,11.0,4.0
yfiC,8.0,4.0,8.0
yfiD,1.0,1.0,2.0
yfiE,2.0,0.0,0.0
yfiF,4.0,1.0,18.0
yfiH,0.0,1.0,1.0
yfiK,1.0,2.0,4.0
yfiL,1.0,2.0,0.0
yfiM,0.0,0.0,0.0
yfiN,2.0,2.0,1.0
yfiO,19.0,28.0,16.0
yfiP,0.0,0.0,0.0
yfiQ,13.0,5.0,7.0
yfiR,0.0,0.0,0.0
yfjD,8.0,15.0,5.0
yfjF,0.0,0.0,1.0
yfjG,1.0,5.0,0.0
yfjH,2.0,25.0,13.0
yfjI,4.0,2.0,2.0
yfjJ,2.0,2.0,1.0
yfjK,5.0,4.0,5.0
yfjL,5.0,3.0,3.0
yfjM,0.0,2.0,1.0
yfjN,5.0,14.0,5.0
yfjO,14.0,16.0,12.0
yfjP,0.0,0.0,4.0
yfjR,0.0,0.0,0.0
yfjS,5.0,7.0,1.0
yfjT,0.0,0.0,0.0
yfjU,3.0,2.0,4.0
yfjV,4.0,1.0,1.0
yfjW,1.0,2.0,5.0
yfjX,1.0,0.0,1.0
yfjY,0.0,1.0,0.0
yfjZ,0.0,0.0,0.0
ygaC,3.0,2.0,2.0
ygaM,3.0,3.0,5.0
ygaP,1.0,0.0,3.0
ygaQ,3.0,6.0,7.0
ygaT,15.0,30.0,27.0
ygaU,3.0,4.0,4.0
ygaW,0.0,0.0,1.0
ygaY,0.0,0.0,0.0
ygaZ,1.0,2.0,1.0
ygbA,0.0,0.0,0.0
ygbE,0.0,0.0,0.0
ygbF,4.0,4.0,1.0
ygbI,15.0,30.0,22.0
ygbJ,2.0,1.0,2.0
ygbK,0.0,0.0,3.0
ygbL,2.0,3.0,0.0
ygbM,0.0,0.0,0.0
ygbN,3.0,4.0,2.0
ygbT,6.0,4.0,8.0
ygcB,4.0,3.0,7.0
ygcE,3.0,2.0,1.0
ygcF,0.0,0.0,0.0
ygcG,5.0,3.0,3.0
ygcH,5.0,7.0,4.0
ygcI,4.0,1.0,2.0
ygcJ,3.0,4.0,0.0
ygcK,3.0,3.0,4.0
ygcL,10.0,3.0,4.0
ygcN,0.0,0.0,0.0
ygcP,7.0,2.0,5.0
ygcQ,0.0,1.0,0.0
ygcR,1.0,1.0,1.0
ygcS,3.0,4.0,3.0
ygcU,3.0,6.0,6.0
ygcW,1.0,2.0,0.0
ygdD,1.0,0.0,0.0
ygdE,1.0,7.0,9.0
ygdH,18.0,18.0,24.0
ygdI,4.0,10.0,6.0
ygdK,5.0,2.0,0.0
ygdL,1.0,0.0,3.0
ygdQ,2.0,1.0,0.0
ygdR,0.0,1.0,0.0
ygeA,0.0,0.0,1.0
ygeD,13.0,6.0,19.0
ygeG,0.0,0.0,0.0
ygeH,0.0,2.0,1.0
ygeI,0.0,0.0,0.0
ygeK,1.0,2.0,2.0
ygeN,0.0,0.0,0.0
ygeO,0.0,0.0,0.0
ygeQ,10.0,19.0,7.0
ygeR,15.0,18.0,30.0
ygeV,4.0,2.0,6.0
ygeW,0.0,0.0,0.0
ygeX,0.0,0.0,0.0
ygeY,0.0,0.0,0.0
ygfA,0.0,0.0,0.0
ygfB,34.0,28.0,15.0
ygfF,2.0,0.0,0.0
ygfG,9.0,4.0,9.0
ygfH,2.0,0.0,1.0
ygfI,1.0,2.0,3.0
ygfJ,2.0,9.0,6.0
ygfK,0.0,0.0,1.0
ygfM,0.0,1.0,2.0
ygfO,1.0,3.0,0.0
ygfQ,2.0,0.0,0.0
ygfS,0.0,0.0,0.0
ygfT,6.0,2.0,9.0
ygfU,3.0,0.0,0.0
ygfY,12.0,17.0,10.0
ygfZ,7.0,18.0,12.0
yggC,12.0,9.0,7.0
yggD,7.0,15.0,4.0
yggE,5.0,7.0,9.0
yggF,0.0,0.0,0.0
yggG,0.0,0.0,1.0
yggJ,12.0,14.0,21.0
yggL,4.0,3.0,7.0
yggM,3.0,1.0,4.0
yggN,6.0,2.0,0.0
yggP,4.0,2.0,1.0
yggR,2.0,2.0,5.0
yggS,4.0,3.0,4.0
yggT,9.0,11.0,7.0
yggU,2.0,0.0,0.0
yggV,2.0,2.0,7.0
yggW,5.0,13.0,4.0
yggX,8.0,2.0,6.0
yghA,0.0,1.0,2.0
yghB,6.0,5.0,6.0
yghD,3.0,0.0,2.0
yghF,1.0,5.0,2.0
yghG,0.0,0.0,0.0
yghJ,12.0,3.0,9.0
yghO,5.0,14.0,4.0
yghQ,0.0,0.0,1.0
yghR,4.0,3.0,2.0
yghS,1.0,1.0,0.0
yghT,2.0,0.0,2.0
yghU,0.0,0.0,1.0
yghW,5.0,5.0,2.0
yghX,3.0,2.0,0.0
yghY,2.0,0.0,1.0
yghZ,36.0,50.0,34.0
ygiA,0.0,0.0,0.0
ygiB,7.0,5.0,8.0
ygiC,98.0,68.0,80.0
ygiD,0.0,2.0,1.0
ygiF,1.0,8.0,3.0
ygiH,4.0,3.0,0.0
ygiL,0.0,0.0,0.0
ygiN,1.0,2.0,6.0
ygiP,0.0,1.0,2.0
ygiQ,4.0,0.0,1.0
ygiS,6.0,7.0,8.0
ygiT,0.0,5.0,0.0
ygiV,0.0,0.0,0.0
ygiW,4.0,2.0,1.0
ygiZ,0.0,3.0,0.0
ygjD,3.0,1.0,6.0
ygjG,5.0,13.0,10.0
ygjH,5.0,0.0,3.0
ygjI,0.0,0.0,0.0
ygjJ,0.0,0.0,2.0
ygjK,1.0,2.0,0.0
ygjN,4.0,5.0,4.0
ygjO,4.0,1.0,0.0
ygjP,4.0,2.0,6.0
ygjQ,0.0,0.0,0.0
ygjR,8.0,9.0,2.0
ygjV,0.0,3.0,0.0
yhaB,0.0,1.0,1.0
yhaC,2.0,3.0,0.0
yhaI,0.0,0.0,0.0
yhaJ,4.0,5.0,8.0
yhaK,1.0,1.0,2.0
yhaM,2.0,1.0,0.0
yhaO,5.0,1.0,2.0
yhaV,17.0,19.0,15.0
yhbC,8.0,10.0,13.0
yhbE,2.0,1.0,0.0
yhbG,2.0,1.0,1.0
yhbJ,2.0,5.0,0.0
yhbN,12.0,20.0,13.0
yhbO,1.0,0.0,0.0
yhbP,4.0,6.0,3.0
yhbS,13.0,3.0,7.0
yhbT,11.0,7.0,5.0
yhbU,0.0,0.0,0.0
yhbW,3.0,0.0,0.0
yhbX,4.0,7.0,2.0
yhbY,1.0,0.0,0.0
yhcA,0.0,1.0,1.0
yhcB,49.0,46.0,43.0
yhcC,2.0,0.0,0.0
yhcD,0.0,2.0,1.0
yhcE,2.0,0.0,0.0
yhcF,1.0,7.0,3.0
yhcG,12.0,5.0,8.0
yhcH,8.0,6.0,4.0
yhcM,8.0,5.0,6.0
yhcO,0.0,1.0,6.0
yhdA,11.0,13.0,6.0
yhdE,6.0,13.0,4.0
yhdH,12.0,3.0,13.0
yhdJ,3.0,5.0,0.0
yhdL,27.0,23.0,16.0
yhdN,11.0,14.0,2.0
yhdP,13.0,11.0,17.0
yhdU,4.0,2.0,3.0
yhdV,0.0,0.0,2.0
yhdW,9.0,0.0,3.0
yhdX,0.0,2.0,0.0
yhdY,2.0,0.0,1.0
yhdZ,3.0,7.0,3.0
yheM,0.0,0.0,1.0
yheO,16.0,12.0,12.0
yheS,7.0,6.0,1.0
yheU,5.0,5.0,4.0
yheV,4.0,10.0,8.0
yhfA,0.0,1.0,0.0
yhfG,0.0,0.0,0.0
yhfK,4.0,14.0,2.0
yhfL,1.0,0.0,1.0
yhfU,1.0,2.0,0.0
yhfW,4.0,1.0,1.0
yhfX,4.0,2.0,1.0
yhfY,4.0,5.0,0.0
yhfZ,16.0,27.0,17.0
yhgA,1.0,0.0,1.0
yhgE,10.0,5.0,2.0
yhgF,0.0,3.0,0.0
yhgG,0.0,0.0,1.0
yhgN,0.0,0.0,0.0
yhhA,0.0,0.0,0.0
yhhF,3.0,3.0,1.0
yhhH,0.0,0.0,0.0
yhhI,2.0,1.0,4.0
yhhJ,3.0,8.0,2.0
yhhL,1.0,1.0,1.0
yhhM,0.0,0.0,0.0
yhhN,0.0,0.0,1.0
yhhQ,3.0,3.0,0.0
yhhS,4.0,1.0,1.0
yhhT,2.0,1.0,3.0
yhhW,2.0,0.0,1.0
yhhX,4.0,13.0,15.0
yhhY,3.0,0.0,1.0
yhhZ,0.0,2.0,2.0
yhiD,10.0,6.0,4.0
yhiF,0.0,5.0,3.0
yhiJ,5.0,1.0,3.0
yhiL,4.0,14.0,7.0
yhiM,1.0,0.0,1.0
yhiP,0.0,2.0,6.0
yhiR,1.0,0.0,0.0
yhiS,3.0,0.0,1.0
yhjA,2.0,6.0,4.0
yhjB,3.0,8.0,2.0
yhjC,0.0,0.0,0.0
yhjD,0.0,0.0,0.0
yhjE,1.0,0.0,4.0
yhjG,74.0,67.0,81.0
yhjH,24.0,18.0,20.0
yhjJ,17.0,15.0,14.0
yhjK,16.0,13.0,13.0
yhjQ,1.0,1.0,4.0
yhjR,15.0,18.0,8.0
yhjV,0.0,3.0,1.0
yhjX,0.0,0.0,1.0
yhjY,3.0,6.0,1.0
yiaA,3.0,3.0,5.0
yiaB,3.0,2.0,1.0
yiaC,0.0,0.0,0.0
yiaD,1.0,4.0,5.0
yiaF,15.0,13.0,18.0
yiaG,5.0,0.0,0.0
yiaH,0.0,1.0,0.0
yiaJ,0.0,1.0,0.0
yiaK,1.0,0.0,1.0
yiaL,7.0,2.0,1.0
yiaN,0.0,0.0,3.0
yiaO,0.0,1.0,1.0
yiaT,4.0,14.0,4.0
yiaU,1.0,1.0,2.0
yiaV,0.0,0.0,0.0
yiaW,2.0,4.0,0.0
yiaY,6.0,6.0,3.0
yibA,2.0,0.0,0.0
yibD,0.0,7.0,4.0
yibF,1.0,7.0,0.0
yibG,2.0,0.0,2.0
yibH,1.0,3.0,9.0
yibI,0.0,0.0,0.0
yibJ,0.0,0.0,1.0
yibK,3.0,0.0,0.0
yibL,0.0,1.0,1.0
yibN,45.0,49.0,46.0
yibQ,5.0,7.0,7.0
yibT,0.0,0.0,0.0
yicC,3.0,5.0,10.0
yicE,0.0,0.0,0.0
yicG,2.0,2.0,0.0
yicH,7.0,2.0,4.0
yicI,2.0,5.0,7.0
yicJ,8.0,6.0,7.0
yicL,9.0,1.0,0.0
yicN,5.0,5.0,4.0
yicO,3.0,1.0,5.0
yicR,10.0,0.0,4.0
yicS,0.0,0.0,1.0
yidA,8.0,5.0,3.0
yidC,36.0,28.0,33.0
yidD,0.0,1.0,0.0
yidE,3.0,0.0,4.0
yidF,1.0,1.0,1.0
yidH,2.0,2.0,1.0
yidI,1.0,0.0,0.0
yidJ,7.0,1.0,3.0
yidK,6.0,6.0,19.0
yidL,5.0,3.0,5.0
yidP,0.0,2.0,0.0
yidQ,4.0,2.0,1.0
yidR,3.0,15.0,2.0
yidX,0.0,2.0,0.0
yidZ,0.0,0.0,1.0
yieE,1.0,0.0,0.0
yieF,1.0,1.0,1.0
yieG,0.0,1.0,0.0
yieH,8.0,16.0,5.0
yieI,2.0,3.0,1.0
yieK,2.0,6.0,5.0
yieL,3.0,1.0,8.0
yieP,5.0,6.0,10.0
yifB,7.0,1.0,1.0
yifE,0.0,3.0,3.0
yifK,11.0,22.0,22.0
yifL,2.0,0.0,0.0
yifN,0.0,0.0,0.0
yifO,1.0,1.0,2.0
yigA,34.0,30.0,35.0
yigB,0.0,0.0,0.0
yigE,0.0,3.0,4.0
yigF,0.0,1.0,0.0
yigG,1.0,3.0,3.0
yigI,6.0,9.0,8.0
yigL,9.0,4.0,9.0
yigM,0.0,0.0,0.0
yigP,0.0,1.0,0.0
yigZ,17.0,10.0,5.0
yihA,5.0,7.0,2.0
yihE,38.0,17.0,24.0
yihF,0.0,4.0,4.0
yihG,2.0,2.0,5.0
yihI,21.0,13.0,22.0
yihL,2.0,0.0,1.0
yihM,5.0,6.0,9.0
yihN,5.0,2.0,7.0
yihO,1.0,3.0,0.0
yihP,1.0,1.0,0.0
yihQ,0.0,0.0,1.0
yihR,0.0,1.0,2.0
yihS,5.0,3.0,3.0
yihT,1.0,1.0,0.0
yihU,3.0,0.0,1.0
yihV,3.0,0.0,0.0
yihW,6.0,48.0,5.0
yihX,3.0,6.0,6.0
yiiD,17.0,36.0,15.0
yiiF,2.0,4.0,5.0
yiiG,2.0,11.0,4.0
yiiQ,0.0,0.0,1.0
yiiR,5.0,1.0,1.0
yiiS,2.0,4.0,3.0
yiiT,1.0,2.0,7.0
yiiU,19.0,16.0,19.0
yiiX,0.0,0.0,2.0
yijD,16.0,9.0,8.0
yijE,2.0,0.0,8.0
yijF,0.0,0.0,0.0
yijO,4.0,0.0,0.0
yijP,8.0,14.0,10.0
yjaA,1.0,0.0,3.0
yjaB,0.0,0.0,0.0
yjaG,6.0,10.0,11.0
yjaH,0.0,0.0,0.0
yjbB,2.0,2.0,3.0
yjbD,0.0,1.0,2.0
yjbF,3.0,0.0,1.0
yjbG,0.0,0.0,1.0
yjbH,9.0,6.0,2.0
yjbI,0.0,7.0,5.0
yjbJ,1.0,5.0,6.0
yjbM,2.0,2.0,9.0
yjbQ,8.0,7.0,10.0
yjbR,0.0,0.0,0.0
yjcB,0.0,0.0,7.0
yjcC,10.0,6.0,4.0
yjcD,8.0,15.0,16.0
yjcE,4.0,0.0,0.0
yjcF,0.0,2.0,4.0
yjcH,32.0,30.0,35.0
yjcO,21.0,15.0,27.0
yjcP,4.0,1.0,5.0
yjcQ,1.0,1.0,6.0
yjcR,0.0,0.0,0.0
yjcS,2.0,3.0,1.0
yjcZ,0.0,0.0,0.0
yjdA,12.0,13.0,6.0
yjdC,2.0,3.0,5.0
yjdI,0.0,0.0,1.0
yjdJ,3.0,3.0,2.0
yjdK,0.0,2.0,0.0
yjdL,0.0,2.0,3.0
yjdO,0.0,1.0,0.0
yjdP,2.0,2.0,1.0
yjeE,7.0,3.0,5.0
yjeF,3.0,6.0,1.0
yjeI,0.0,0.0,0.0
yjeJ,2.0,0.0,1.0
yjeK,4.0,7.0,6.0
yjeM,9.0,7.0,6.0
yjeO,1.0,0.0,1.0
yjeP,7.0,8.0,3.0
yjeS,0.0,5.0,0.0
yjeT,0.0,0.0,0.0
yjfC,0.0,0.0,0.0
yjfF,2.0,1.0,3.0
yjfI,4.0,12.0,5.0
yjfJ,8.0,3.0,3.0
yjfK,2.0,14.0,1.0
yjfL,0.0,0.0,0.0
yjfM,2.0,3.0,1.0
yjfO,2.0,1.0,7.0
yjfP,0.0,3.0,1.0
yjfY,0.0,1.0,0.0
yjfZ,2.0,1.0,5.0
yjgA,12.0,11.0,16.0
yjgB,1.0,5.0,4.0
yjgF,89.0,81.0,78.0
yjgH,0.0,0.0,0.0
yjgI,1.0,0.0,0.0
yjgJ,5.0,4.0,1.0
yjgK,11.0,17.0,8.0
yjgL,6.0,3.0,0.0
yjgM,4.0,6.0,6.0
yjgN,8.0,13.0,7.0
yjgP,22.0,23.0,20.0
yjgQ,13.0,13.0,17.0
yjgR,3.0,5.0,8.0
yjgW,0.0,0.0,2.0
yjgX,1.0,1.0,3.0
yjgZ,0.0,0.0,0.0
yjhA,1.0,3.0,3.0
yjhB,10.0,13.0,2.0
yjhC,27.0,11.0,16.0
yjhD,1.0,2.0,2.0
yjhE,0.0,0.0,0.0
yjhF,1.0,0.0,4.0
yjhG,1.0,11.0,8.0
yjhH,1.0,0.0,0.0
yjhI,14.0,5.0,9.0
yjhP,0.0,0.0,0.0
yjhR,2.0,4.0,6.0
yjhS,0.0,1.0,1.0
yjhT,0.0,0.0,0.0
yjhU,2.0,6.0,3.0
yjhV,4.0,5.0,6.0
yjhW,1.0,0.0,1.0
yjhX,7.0,0.0,4.0
yjiA,27.0,17.0,23.0
yjiC,2.0,3.0,1.0
yjiD,0.0,0.0,0.0
yjiE,0.0,0.0,0.0
yjiG,0.0,0.0,6.0
yjiK,1.0,7.0,2.0
yjiM,0.0,4.0,2.0
yjiN,1.0,2.0,2.0
yjiO,0.0,1.0,1.0
yjiP,5.0,12.0,21.0
yjiR,0.0,2.0,1.0
yjiS,0.0,1.0,0.0
yjiT,13.0,16.0,8.0
yjiV,4.0,17.0,12.0
yjiY,1.0,0.0,0.0
yjiZ,0.0,4.0,0.0
yjjB,1.0,0.0,3.0
yjjG,4.0,14.0,3.0
yjjI,2.0,4.0,1.0
yjjK,79.0,92.0,86.0
yjjM,6.0,7.0,15.0
yjjN,3.0,9.0,4.0
yjjP,3.0,3.0,3.0
yjjQ,22.0,6.0,10.0
yjjU,3.0,0.0,1.0
yjjV,2.0,2.0,4.0
yjjX,0.0,0.0,0.0
yjjY,0.0,0.0,0.0
yjjZ,2.0,1.0,7.0
yjtD,1.0,6.0,5.0
ykfA,13.0,2.0,5.0
ykfB,4.0,8.0,4.0
ykfC,1.0,3.0,2.0
ykfF,0.0,0.0,1.0
ykfG,0.0,0.0,0.0
ykgA,0.0,0.0,11.0
ykgB,5.0,5.0,1.0
ykgC,0.0,0.0,3.0
ykgD,2.0,1.0,5.0
ykgE,5.0,2.0,2.0
ykgF,2.0,8.0,2.0
ykgG,2.0,2.0,1.0
ykgH,1.0,2.0,0.0
ykgI,1.0,0.0,2.0
ykgJ,1.0,1.0,0.0
ykgK,2.0,4.0,3.0
ykgL,0.0,1.0,3.0
ykgM,0.0,0.0,1.0
ykgN,12.0,9.0,9.0
ykgO,0.0,0.0,1.0
ykiA,0.0,0.0,0.0
ylaB,0.0,1.0,0.0
ylaC,8.0,7.0,3.0
ylbA,7.0,2.0,5.0
ylbE,0.0,0.0,0.0
ylbG,6.0,1.0,2.0
ylbH,6.0,4.0,1.0
yliA,17.0,18.0,14.0
yliB,39.0,28.0,35.0
yliC,0.0,3.0,1.0
yliD,10.0,6.0,9.0
yliE,1.0,2.0,5.0
yliF,3.0,2.0,2.0
yliG,1.0,1.0,1.0
yliI,2.0,2.0,1.0
yliJ,17.0,26.0,5.0
yliK,0.0,0.0,0.0
yliL,0.0,0.0,5.0
ymbA,1.0,5.0,12.0
ymcB,0.0,1.0,0.0
ymcC,0.0,0.0,0.0
ymcE,0.0,2.0,0.0
ymdA,3.0,3.0,3.0
ymdB,2.0,4.0,0.0
ymdC,4.0,12.0,4.0
ymdE,0.0,0.0,0.0
ymdF,1.0,0.0,0.0
ymfA,0.0,0.0,1.0
ymfD,3.0,4.0,4.0
ymfE,1.0,1.0,0.0
ymfG,1.0,5.0,3.0
ymfH,0.0,0.0,0.0
ymfI,6.0,13.0,20.0
ymfJ,0.0,0.0,0.0
ymfK,8.0,10.0,12.0
ymfL,1.0,0.0,0.0
ymfM,0.0,0.0,0.0
ymfN,0.0,0.0,0.0
ymfO,1.0,0.0,0.0
ymfP,0.0,0.0,1.0
ymfR,1.0,3.0,1.0
ymfS,4.0,1.0,4.0
ymgA,3.0,5.0,1.0
ymgB,1.0,1.0,0.0
ymgC,0.0,0.0,1.0
ymgD,0.0,0.0,0.0
ymgE,0.0,0.0,0.0
ymgF,0.0,0.0,0.0
ymgG,0.0,0.0,0.0
ymgH,3.0,2.0,0.0
ymiA,0.0,0.0,0.0
ymjA,15.0,8.0,10.0
ymjC,0.0,1.0,2.0
ynaA,8.0,4.0,3.0
ynaI,0.0,3.0,2.0
ynaJ,34.0,25.0,22.0
ynaK,0.0,0.0,0.0
ynbA,3.0,0.0,1.0
ynbB,3.0,1.0,0.0
ynbC,0.0,2.0,7.0
ynbD,5.0,4.0,4.0
ynbE,2.0,0.0,1.0
yncA,2.0,3.0,2.0
yncB,11.0,10.0,13.0
yncC,4.0,3.0,2.0
yncD,1.0,2.0,6.0
yncE,18.0,19.0,35.0
yncG,1.0,0.0,5.0
yncH,0.0,0.0,0.0
yncI,10.0,13.0,6.0
yncJ,1.0,0.0,0.0
yncK,6.0,0.0,1.0
yneE,1.0,2.0,5.0
yneF,2.0,0.0,1.0
yneG,1.0,0.0,0.0
yneH,10.0,3.0,1.0
yneI,0.0,0.0,0.0
yneJ,2.0,3.0,0.0
yneK,0.0,1.0,1.0
yneL,0.0,5.0,0.0
ynfA,1.0,0.0,1.0
ynfB,1.0,0.0,1.0
ynfC,11.0,15.0,8.0
ynfD,1.0,1.0,0.0
ynfE,2.0,2.0,6.0
ynfF,6.0,0.0,2.0
ynfG,0.0,0.0,0.0
ynfH,0.0,0.0,0.0
ynfK,0.0,0.0,0.0
ynfL,0.0,1.0,0.0
ynfM,0.0,0.0,0.0
ynfN,0.0,0.0,1.0
ynhG,3.0,3.0,2.0
yniA,1.0,0.0,5.0
yniB,14.0,15.0,3.0
yniC,2.0,1.0,2.0
yniD,0.0,0.0,0.0
ynjA,0.0,0.0,0.0
ynjC,3.0,0.0,1.0
ynjD,1.0,2.0,0.0
ynjE,1.0,0.0,1.0
ynjF,0.0,0.0,0.0
ynjH,17.0,17.0,11.0
ynjI,3.0,3.0,5.0
yoaB,0.0,0.0,0.0
yoaC,0.0,0.0,0.0
yoaD,2.0,4.0,2.0
yoaE,0.0,3.0,1.0
yoaG,6.0,2.0,1.0
yoaH,0.0,0.0,0.0
yoaI,0.0,0.0,0.0
yobA,2.0,3.0,4.0
yobB,0.0,1.0,0.0
yobD,9.0,8.0,8.0
yobF,66.0,38.0,62.0
yobG,2.0,4.0,4.0
yobH,14.0,7.0,15.0
yodA,1.0,1.0,2.0
yodB,2.0,2.0,2.0
yodD,1.0,7.0,2.0
yoeA,0.0,2.0,0.0
yoeB,1.0,1.0,0.0
yoeF,3.0,0.0,1.0
yohC,0.0,0.0,0.0
yohD,0.0,0.0,0.0
yohK,0.0,1.0,1.0
yohL,3.0,9.0,4.0
yohM,2.0,3.0,1.0
yohN,0.0,2.0,2.0
yojI,41.0,43.0,39.0
yojL,5.0,0.0,4.0
ypaA,6.0,6.0,2.0
ypdA,6.0,3.0,14.0
ypdB,6.0,6.0,6.0
ypdC,1.0,1.0,0.0
ypdD,3.0,3.0,0.0
ypdE,1.0,0.0,0.0
ypdF,0.0,0.0,1.0
ypdG,1.0,0.0,0.0
ypdH,4.0,1.0,0.0
ypdI,1.0,1.0,0.0
ypdJ,0.0,0.0,0.0
ypeA,13.0,16.0,7.0
ypeB,0.0,0.0,3.0
ypeC,0.0,1.0,0.0
ypfE,2.0,2.0,2.0
ypfG,1.0,0.0,3.0
ypfH,3.0,0.0,0.0
ypfI,2.0,2.0,0.0
ypfJ,7.0,7.0,2.0
ypfN,0.0,0.0,1.0
yphA,0.0,0.0,0.0
yphB,0.0,0.0,2.0
yphC,0.0,0.0,0.0
yphD,0.0,0.0,0.0
yphF,8.0,3.0,2.0
yphG,0.0,3.0,2.0
yphH,8.0,3.0,3.0
ypjA,6.0,5.0,3.0
ypjC,5.0,9.0,5.0
ypjD,10.0,4.0,9.0
ypjF,1.0,2.0,1.0
yqaA,1.0,2.0,2.0
yqaB,0.0,4.0,4.0
yqaE,2.0,1.0,1.0
yqcA,6.0,1.0,1.0
yqcC,0.0,0.0,1.0
yqcE,5.0,0.0,2.0
yqeA,6.0,3.0,9.0
yqeB,0.0,0.0,1.0
yqeC,1.0,0.0,0.0
yqeF,58.0,46.0,41.0
yqeG,5.0,3.0,1.0
yqeH,3.0,7.0,11.0
yqeI,2.0,3.0,0.0
yqeJ,0.0,0.0,1.0
yqeK,1.0,0.0,1.0
yqfA,8.0,5.0,2.0
yqfB,0.0,4.0,0.0
yqfE,1.0,0.0,0.0
yqgA,0.0,0.0,1.0
yqgB,0.0,1.0,3.0
yqgD,1.0,1.0,2.0
yqgE,0.0,1.0,0.0
yqgF,4.0,3.0,0.0
yqhA,43.0,28.0,37.0
yqhC,9.0,6.0,5.0
yqhG,1.0,0.0,1.0
yqiA,0.0,0.0,2.0
yqiB,21.0,11.0,12.0
yqiC,1.0,2.0,2.0
yqiG,2.0,0.0,0.0
yqiH,0.0,4.0,0.0
yqiI,0.0,0.0,3.0
yqiJ,2.0,4.0,2.0
yqiK,3.0,3.0,1.0
yqjA,0.0,1.0,0.0
yqjB,0.0,0.0,0.0
yqjC,2.0,6.0,6.0
yqjD,5.0,4.0,6.0
yqjG,2.0,3.0,0.0
yqjH,0.0,3.0,0.0
yqjI,0.0,0.0,0.0
yqjK,0.0,3.0,0.0
yraH,1.0,0.0,1.0
yraI,4.0,0.0,0.0
yraJ,2.0,2.0,0.0
yraK,3.0,7.0,0.0
yraL,0.0,0.0,0.0
yraM,2.0,2.0,3.0
yraN,3.0,2.0,1.0
yraP,9.0,5.0,13.0
yraQ,2.0,0.0,1.0
yraR,3.0,1.0,0.0
yrbA,4.0,0.0,2.0
yrbB,5.0,6.0,6.0
yrbC,3.0,1.0,1.0
yrbD,23.0,20.0,17.0
yrbF,0.0,0.0,0.0
yrbG,4.0,3.0,1.0
yrbK,24.0,26.0,33.0
yrbL,11.0,10.0,16.0
yrdA,3.0,10.0,10.0
yrdB,4.0,7.0,8.0
yrdC,8.0,17.0,4.0
yrdD,8.0,7.0,9.0
yrfB,0.0,1.0,0.0
yrfC,0.0,0.0,0.0
yrfD,2.0,0.0,0.0
yrfF,18.0,13.0,31.0
yrfG,5.0,3.0,4.0
yrhA,0.0,0.0,0.0
yrhB,0.0,3.0,2.0
yrhC,1.0,1.0,0.0
ysaB,2.0,2.0,0.0
ysgA,6.0,5.0,1.0
ytfA,8.0,1.0,5.0
ytfE,0.0,7.0,5.0
ytfG,3.0,1.0,1.0
ytfI,5.0,12.0,15.0
ytfJ,1.0,0.0,1.0
ytfK,6.0,14.0,11.0
ytfL,8.0,27.0,8.0
ytfM,22.0,8.0,19.0
ytfN,13.0,9.0,10.0
ytfP,0.0,1.0,1.0
ytfQ,16.0,12.0,10.0
ytfR,0.0,0.0,0.0
ytjB,0.0,0.0,0.0
ytjC,42.0,43.0,45.0
yzcX,3.0,7.0,7.0
yzfA,0.0,0.0,0.0
yzgL,1.0,10.0,1.0
zapA,122.0,93.0,105.0
zipA,145.0,144.0,149.0
zitB,5.0,1.0,2.0
zntA,1.0,1.0,1.0
zntR,2.0,8.0,9.0
znuA,23.0,31.0,17.0
znuB,3.0,4.0,0.0
znuC,4.0,3.0,11.0
zraP,2.0,0.0,1.0
zraR,0.0,0.0,1.0
zraS,0.0,1.0,6.0
zupT,1.0,6.0,9.0
zur,11.0,6.0,14.0
zwf,46.0,70.0,56.0
